Plasmid,nÂº BGCs,TaxPhylum,TaxOrder,TaxSpecies,Size
NC_016113.1,16,Actinobacteria,Streptomycetales,Streptomyces cattleya,1809491
NC_017585.1,15,Actinobacteria,Streptomycetales,Streptomyces cattleya,1812548
NC_017589.1,8,Proteobacteria,Burkholderiales,Ralstonia solanacearum,1959334
NZ_CP016560.1,8,Actinobacteria,Streptomycetales,Streptomyces clavuligerus,707056
NC_003296.1,7,Proteobacteria,Burkholderiales,Ralstonia solanacearum,2094509
NC_021745.1,7,Proteobacteria,Burkholderiales,Ralstonia solanacearum,2089828
NZ_CP009763.1,7,Proteobacteria,Burkholderiales,Ralstonia solanacearum,1936579
NZ_CP012182.1,7,Actinobacteria,Pseudonocardiales,Pseudonocardia sp. EC080610-09,874997
NZ_CP015116.1,7,Proteobacteria,Burkholderiales,Ralstonia solanacearum,2093441
NZ_CP016555.1,7,Proteobacteria,Burkholderiales,Ralstonia solanacearum,2075659
NZ_CP016613.1,7,Proteobacteria,Burkholderiales,Ralstonia solanacearum,2000873
NZ_CP016905.1,7,Proteobacteria,Burkholderiales,Ralstonia solanacearum,2145732
NZ_CP016915.1,7,Proteobacteria,Burkholderiales,Ralstonia solanacearum,2061090
NZ_LN868939.1,7,Actinobacteria,Corynebacteriales,Nocardia farcinica,2657929
NC_013855.1,6,Proteobacteria,Rhodospirillales,Azospirillum lipoferum,1455109
NC_014309.1,6,Proteobacteria,Burkholderiales,Ralstonia solanacearum,2163376
NC_014310.1,6,Proteobacteria,Burkholderiales,Ralstonia solanacearum,2085000
NC_017575.1,6,Proteobacteria,Burkholderiales,Ralstonia solanacearum,1949172
NC_017958.1,6,Proteobacteria,Rhodospirillales,Tistrella mobilis,1126962
NZ_CP012185.1,6,Actinobacteria,Pseudonocardiales,Pseudonocardia sp. EC080619-01,850061
NZ_CP012688.1,6,Proteobacteria,Burkholderiales,Ralstonia solanacearum,1999545
NZ_CP015851.1,6,Proteobacteria,Burkholderiales,Ralstonia solanacearum,1907366
NZ_CP021449.1,6,Proteobacteria,Burkholderiales,Ralstonia solanacearum,2066085
NC_007974.2,5,Proteobacteria,Burkholderiales,Cupriavidus metallidurans,2580084
NC_014718.1,5,Proteobacteria,Burkholderiales,Paraburkholderia rhizoxinica,822304
NC_021289.1,5,Proteobacteria,Burkholderiales,Burkholderia sp. RPE64,1275199
NZ_CP007513.1,5,Firmicutes,Bacillales,Bacillus bombysepticus,577809
NZ_CP012940.1,5,Proteobacteria,Burkholderiales,Ralstonia solanacearum,1932001
NZ_CP012944.1,5,Proteobacteria,Burkholderiales,Ralstonia solanacearum,2069788
NZ_CP013053.1,5,Proteobacteria,Rhizobiales,Sinorhizobium americanum,547106
NZ_CP013109.1,5,Proteobacteria,Rhizobiales,Sinorhizobium americanum,586526
NZ_CP023068.1,5,Proteobacteria,Rhizobiales,Ensifer sojae,2011513
NZ_CP023072.1,5,Proteobacteria,Rhizobiales,Sinorhizobium fredii,742947
NC_012520.1,4,Actinobacteria,Corynebacteriales,Rhodococcus opacus,558192
NC_014533.1,4,Cyanobacteria,Oscillatoriales,Cyanothece sp. PCC 7822,879545
NC_015727.1,4,Proteobacteria,Burkholderiales,Cupriavidus necator,1499175
NC_016586.1,4,Proteobacteria,Rhodospirillales,Azospirillum lipoferum,750123
NC_016815.1,4,Proteobacteria,Rhizobiales,Sinorhizobium fredii,2096125
NC_017957.2,4,Proteobacteria,Rhodospirillales,Tistrella mobilis,692456
NC_020062.1,4,Proteobacteria,Rhizobiales,Rhizobium tropici,2083197
NZ_CP006880.1,4,Proteobacteria,Rhizobiales,Rhizobium gallicum,2466951
NZ_CP007795.1,4,Proteobacteria,Rhodospirillales,Azospirillum brasilense,933960
NZ_CP010090.1,4,Firmicutes,Bacillales,Bacillus thuringiensis,426282
NZ_CP011152.1,4,Firmicutes,Bacillales,Bacillus cereus,591110
NZ_CP011154.1,4,Firmicutes,Bacillales,Bacillus cereus,591112
NZ_CP011665.1,4,Actinobacteria,Streptomycetales,Streptomyces sp. Mg1,529571
NZ_CP012916.1,4,Proteobacteria,Rhodospirillales,Azospirillum brasilense,819020
NZ_CP013104.1,4,Proteobacteria,Burkholderiales,Paraburkholderia caribensis,2011268
NZ_CP014703.1,4,Proteobacteria,Burkholderiales,Ralstonia solanacearum,1883432
NZ_CP015881.1,4,Proteobacteria,Rhizobiales,Ensifer adhaerens,1736943
NZ_CP017105.1,4,Proteobacteria,Rhizobiales,Rhizobium gallicum,2388366
NZ_CP017574.1,4,Firmicutes,Bacillales,Bacillus thuringiensis,364037
NZ_CP021830.1,4,Proteobacteria,Rhizobiales,Sinorhizobium meliloti,1484605
NZ_CP022669.1,4,Proteobacteria,Rhizobiales,Rhizobium leguminosarum,327451
NZ_CP023064.1,4,Proteobacteria,Rhizobiales,Sinorhizobium sp. CCBAU 05631,1501701
NZ_CP023065.1,4,Proteobacteria,Rhizobiales,Sinorhizobium sp. CCBAU 05631,742373
NZ_CP023069.1,4,Proteobacteria,Rhizobiales,Ensifer sojae,410255
NC_004041.2,3,Proteobacteria,Rhizobiales,Rhizobium etli,371254
NC_010625.1,3,Proteobacteria,Burkholderiales,Paraburkholderia phymatum,1904893
NC_012811.1,3,Proteobacteria,Rhizobiales,Methylobacterium extorquens,1261460
NC_014258.1,3,Proteobacteria,Enterobacterales,Pantoea vagans,529676
NC_014838.1,3,Proteobacteria,Enterobacterales,Pantoea sp. At-9b,793953
NC_016594.1,3,Proteobacteria,Rhodospirillales,Azospirillum brasilense,1766028
NC_017323.1,3,Proteobacteria,Rhizobiales,Sinorhizobium meliloti,1690594
NC_017326.1,3,Proteobacteria,Rhizobiales,Sinorhizobium meliloti,1632395
NC_019746.1,3,Cyanobacteria,Chroococcales,Gloeocapsa sp. PCC 7428,204466
NC_019848.2,3,Proteobacteria,Rhizobiales,Sinorhizobium meliloti,1417907
NC_019849.2,3,Proteobacteria,Rhizobiales,Sinorhizobium meliloti,1701381
NT_187147.1,3,Proteobacteria,Rhizobiales,Sinorhizobium fredii,276571
NT_187151.1,3,Proteobacteria,Rhizobiales,Sinorhizobium fredii,155004
NZ_AP017296.1,3,Cyanobacteria,Nostocales,Nostoc sp. NIES-3756,447304
NZ_CP004860.1,3,Firmicutes,Bacillales,Bacillus thuringiensis,422692
NZ_CP004877.1,3,Firmicutes,Bacillales,Bacillus thuringiensis,431546
NZ_CP005085.1,3,Proteobacteria,Sphingomonadales,Sphingobium sp. TKS,520614
NZ_CP006879.1,3,Proteobacteria,Rhizobiales,Rhizobium gallicum,507254
NZ_CP007616.1,3,Firmicutes,Bacillales,Bacillus thuringiensis,416210
NZ_CP007643.1,3,Proteobacteria,Rhizobiales,Rhizobium etli,499136
NZ_CP007794.1,3,Proteobacteria,Rhodospirillales,Azospirillum brasilense,1901707
NZ_CP010112.1,3,Firmicutes,Bacillales,Bacillus thuringiensis,314883
NZ_CP012748.1,3,Proteobacteria,Burkholderiales,Paraburkholderia caribensis,2555069
NZ_CP012915.1,3,Proteobacteria,Rhodospirillales,Azospirillum brasilense,1754523
NZ_CP013110.1,3,Proteobacteria,Rhizobiales,Sinorhizobium americanum,2177502
NZ_CP013633.1,3,Proteobacteria,Rhizobiales,Rhizobium sp. N324,447145
NZ_CP013639.1,3,Proteobacteria,Rhizobiales,Rhizobium sp. N541,409635
NZ_CP013646.1,3,Proteobacteria,Rhizobiales,Rhizobium sp. N941,403746
NZ_CP013855.1,3,Actinobacteria,Pseudonocardiales,Pseudonocardia sp. HH130630-07,375718
NZ_CP015592.1,3,Firmicutes,Bacillales,Bacillus cereus,459971
NZ_CP015730.1,3,Firmicutes,Bacillales,Bacillus cereus,300156
NZ_CP016589.1,3,Firmicutes,Bacillales,Bacillus thuringiensis,514994
NZ_CP017104.1,3,Proteobacteria,Rhizobiales,Rhizobium gallicum,506339
NZ_CP017242.1,3,Proteobacteria,Rhizobiales,Rhizobium etli,430631
NZ_CP017243.1,3,Proteobacteria,Rhizobiales,Rhizobium etli,438379
NZ_CP017244.1,3,Proteobacteria,Rhizobiales,Rhizobium etli,2253963
NZ_CP018229.1,3,Proteobacteria,Rhizobiales,Rhizobium leguminosarum,1331126
NZ_CP020040.1,3,Actinobacteria,Streptomycetales,Streptomyces sp. 3211,518852
NZ_CP020744.1,3,Firmicutes,Bacillales,Bacillus mycoides,460379
NZ_CP020910.1,3,Proteobacteria,Rhizobiales,Rhizobium etli,543095
NZ_CP021027.1,3,Proteobacteria,Rhizobiales,Rhizobium sp. TAL182,442228
NZ_CP021028.1,3,Proteobacteria,Rhizobiales,Rhizobium sp. TAL182,506213
NZ_CP021062.1,3,Firmicutes,Bacillales,Bacillus thuringiensis,584623
NZ_CP021795.1,3,Proteobacteria,Rhizobiales,Sinorhizobium meliloti,1700327
NZ_CP021803.1,3,Proteobacteria,Rhizobiales,Sinorhizobium meliloti,297816
NZ_CP021805.1,3,Proteobacteria,Rhizobiales,Sinorhizobium meliloti,1423499
NZ_CP021806.1,3,Proteobacteria,Rhizobiales,Sinorhizobium meliloti,1646425
NZ_CP022446.1,3,Firmicutes,Bacillales,Bacillus cereus,715614
NZ_CP022666.1,3,Proteobacteria,Rhizobiales,Rhizobium leguminosarum,1169137
NZ_CP022999.1,3,Proteobacteria,Rhizobiales,Rhizobium sp. 10195,1569179
NZ_CP023000.1,3,Proteobacteria,Rhizobiales,Rhizobium sp. 10195,1497349
NZ_CP023071.1,3,Proteobacteria,Rhizobiales,Sinorhizobium fredii,2277056
NZ_HG916855.1,3,Proteobacteria,Rhizobiales,Rhizobium favelukesii,1932030
NC_002608.1,2,Euryarchaeota,Halobacteriales,Halobacterium salinarum,365425
NC_003078.1,2,Proteobacteria,Rhizobiales,Sinorhizobium meliloti,1683333
NC_007762.1,2,Proteobacteria,Rhizobiales,Rhizobium etli,194229
NC_007961.1,2,Proteobacteria,Rhizobiales,Nitrobacter hamburgensis,121408
NC_008381.1,2,Proteobacteria,Rhizobiales,Rhizobium leguminosarum,488135
NC_008384.1,2,Proteobacteria,Rhizobiales,Rhizobium leguminosarum,684202
NC_009621.1,2,Proteobacteria,Rhizobiales,Sinorhizobium medicae,1245408
NC_010180.1,2,Firmicutes,Bacillales,Bacillus mycoides,417054
NC_010368.1,2,Euryarchaeota,Halobacteriales,Halobacterium salinarum,284332
NC_010996.1,2,Proteobacteria,Rhizobiales,Rhizobium etli,429111
NC_010998.1,2,Proteobacteria,Rhizobiales,Rhizobium etli,414090
NC_011368.1,2,Proteobacteria,Rhizobiales,Rhizobium leguminosarum,1266105
NC_011738.1,2,Cyanobacteria,Oscillatoriales,Cyanothece sp. PCC 7424,328635
NC_011887.1,2,Proteobacteria,Rhizobiales,Methylobacterium nodulans,458070
NC_011981.1,2,Proteobacteria,Rhizobiales,Agrobacterium vitis,631775
NC_012780.1,2,Firmicutes,Clostridiales,[Eubacterium] eligens,626744
NC_012853.1,2,Proteobacteria,Rhizobiales,Rhizobium leguminosarum,516088
NC_013164.1,2,Firmicutes,Tissierellales,Anaerococcus prevotii,115566
NC_013379.2,2,Firmicutes,Bacillales,Staphylococcus epidermidis,38556
NC_013858.1,2,Proteobacteria,Rhodospirillales,Azospirillum lipoferum,628837
NC_014120.1,2,Proteobacteria,Burkholderiales,Burkholderia sp. CCGE1002,489136
NC_014534.1,2,Cyanobacteria,Oscillatoriales,Cyanothece sp. PCC 7822,473846
NC_015156.1,2,Proteobacteria,Vibrionales,Vibrio nigripulchritudo,247271
NC_015382.1,2,Proteobacteria,Burkholderiales,Burkholderia gladioli,276215
NC_015597.1,2,Proteobacteria,Rhizobiales,Sinorhizobium meliloti,256269
NC_015689.1,2,Proteobacteria,Rhizobiales,Oligotropha carboxidovorans,133057
NC_015951.1,2,Actinobacteria,Streptomycetales,Streptomyces violaceusniger,290055
NC_016585.1,2,Proteobacteria,Rhodospirillales,Azospirillum lipoferum,1040425
NC_016618.1,2,Proteobacteria,Rhodospirillales,Azospirillum brasilense,912449
NC_016623.1,2,Proteobacteria,Rhodospirillales,Azospirillum lipoferum,648491
NC_017324.1,2,Proteobacteria,Rhizobiales,Sinorhizobium meliloti,1616209
NC_017327.1,2,Proteobacteria,Rhizobiales,Sinorhizobium meliloti,1633319
NC_017536.1,2,Proteobacteria,Rhizobiales,Oligotropha carboxidovorans,133055
NC_017943.1,2,Euryarchaeota,Haloferacales,Haloferax mediterranei,321908
NC_018022.1,2,Actinobacteria,Corynebacteriales,Mycobacterium chubuense,615278
NC_018265.1,2,Firmicutes,Lactobacillales,Melissococcus plutonius,199075
NC_018510.1,2,Firmicutes,Bacillales,Bacillus thuringiensis,224872
NC_018688.1,2,Firmicutes,Bacillales,Bacillus thuringiensis,319710
NC_018701.1,2,Proteobacteria,Rhizobiales,Sinorhizobium meliloti,1664896
NC_020061.1,2,Proteobacteria,Rhizobiales,Rhizobium tropici,549467
NC_020271.1,2,Proteobacteria,Enterobacterales,Escherichia coli,137728
NC_020394.1,2,Firmicutes,Bacillales,Bacillus thuringiensis,233730
NC_020560.1,2,Proteobacteria,Rhizobiales,Sinorhizobium meliloti,1683348
NC_021080.1,2,Actinobacteria,Corynebacteriales,Rhodococcus fascians,198917
NC_021909.1,2,Proteobacteria,Rhizobiales,Rhizobium etli,615363
NC_022049.1,2,Proteobacteria,Rhodobacterales,Paracoccus aminophilus,438126
NC_023138.1,2,Proteobacteria,Rhodobacterales,Phaeobacter gallaeciensis,255493
NC_023286.1,2,Actinobacteria,Streptomycetales,Streptomyces sp. F12,389676
NC_025179.1,2,Proteobacteria,Enterobacterales,Escherichia coli,153231
NT_187148.1,2,Proteobacteria,Rhizobiales,Sinorhizobium fredii,248150
NT_187163.1,2,Proteobacteria,Rhizobiales,Sinorhizobium fredii,210605
NZ_AP014865.1,2,Firmicutes,Bacillales,Bacillus thuringiensis,437451
NZ_AP017310.1,2,Cyanobacteria,Synechococcales,Leptolyngbya sp. NIES-3755,98206
NZ_CP006582.1,2,Proteobacteria,Rhizobiales,Mesorhizobium huakuii,193835
NZ_CP006988.1,2,Proteobacteria,Rhizobiales,Rhizobium sp. IE4771,393846
NZ_CP006989.1,2,Proteobacteria,Rhizobiales,Rhizobium sp. IE4771,470125
NZ_CP007047.1,2,Proteobacteria,Rhizobiales,Rhizobium leguminosarum,518052
NZ_CP007070.1,2,Proteobacteria,Rhizobiales,Rhizobium leguminosarum,251612
NZ_CP007553.1,2,Euryarchaeota,Haloferacales,Haloferax mediterranei,321908
NZ_CP007642.1,2,Proteobacteria,Rhizobiales,Rhizobium etli,445194
NZ_CP009112.1,2,Actinobacteria,Corynebacteriales,Rhodococcus opacus,885383
NZ_CP009146.1,2,Proteobacteria,Rhizobiales,Sinorhizobium meliloti,1617037
NZ_CP009155.1,2,Proteobacteria,Burkholderiales,Burkholderia pseudomallei,271168
NZ_CP009292.1,2,Proteobacteria,Sphingomonadales,Novosphingobium pentaromativorans,756828
NZ_CP009349.1,2,Firmicutes,Bacillales,Bacillus thuringiensis,359439
NZ_CP009430.1,2,Proteobacteria,Sphingomonadales,Sphingopyxis macrogoltabida,422455
NZ_CP009433.1,2,Proteobacteria,Burkholderiales,Burkholderia glumae,196020
NZ_CP009998.1,2,Firmicutes,Bacillales,Bacillus thuringiensis,412022
NZ_CP010372.1,2,Proteobacteria,Enterobacterales,Escherichia coli,151583
NZ_CP010957.1,2,Proteobacteria,Sphingomonadales,Sphingobium sp. YBL2,322226
NZ_CP010990.1,2,Actinobacteria,Pseudonocardiales,Pseudonocardia sp. EC080625-04,297301
NZ_CP011350.1,2,Firmicutes,Bacillales,Bacillus thuringiensis,761374
NZ_CP012367.1,2,Firmicutes,Lactobacillales,Enterococcus durans,163286
NZ_CP012399.1,2,Proteobacteria,Rhizobiales,Chelatococcus sp. CO-6,849688
NZ_CP013054.1,2,Proteobacteria,Rhizobiales,Sinorhizobium americanum,2249899
NZ_CP013139.1,2,Proteobacteria,Alteromonadales,Pseudoalteromonas sp. Bsw20308,906103
NZ_CP013238.1,2,Firmicutes,Clostridiales,Clostridium butyricum,820516
NZ_CP013345.1,2,Proteobacteria,Sphingomonadales,Sphingopyxis macrogoltabida,421025
NZ_CP013492.1,2,Proteobacteria,Rhizobiales,Rhizobium sp. N6212,438384
NZ_CP013493.1,2,Proteobacteria,Rhizobiales,Rhizobium sp. N6212,501077
NZ_CP013497.1,2,Proteobacteria,Rhizobiales,Rhizobium sp. N621,439584
NZ_CP013498.1,2,Proteobacteria,Rhizobiales,Rhizobium sp. N621,501077
NZ_CP013502.1,2,Proteobacteria,Rhizobiales,Rhizobium etli,433056
NZ_CP013503.1,2,Proteobacteria,Rhizobiales,Rhizobium etli,501077
NZ_CP013508.1,2,Proteobacteria,Rhizobiales,Rhizobium sp. N1341,434334
NZ_CP013509.1,2,Proteobacteria,Rhizobiales,Rhizobium sp. N1341,501077
NZ_CP013514.1,2,Proteobacteria,Rhizobiales,Rhizobium sp. N1314,433217
NZ_CP013516.1,2,Proteobacteria,Rhizobiales,Rhizobium sp. N1314,506687
NZ_CP013519.1,2,Proteobacteria,Rhizobiales,Rhizobium sp. N113,435821
NZ_CP013520.1,2,Proteobacteria,Rhizobiales,Rhizobium sp. N113,501077
NZ_CP013525.1,2,Proteobacteria,Rhizobiales,Rhizobium phaseoli,407814
NZ_CP013526.1,2,Proteobacteria,Rhizobiales,Rhizobium phaseoli,1195489
NZ_CP013529.1,2,Proteobacteria,Rhizobiales,Rhizobium phaseoli,427855
NZ_CP013530.1,2,Proteobacteria,Rhizobiales,Rhizobium phaseoli,429574
NZ_CP013534.1,2,Proteobacteria,Rhizobiales,Rhizobium phaseoli,413457
NZ_CP013535.1,2,Proteobacteria,Rhizobiales,Rhizobium phaseoli,435286
NZ_CP013539.1,2,Proteobacteria,Rhizobiales,Rhizobium phaseoli,421824
NZ_CP013540.1,2,Proteobacteria,Rhizobiales,Rhizobium phaseoli,442592
NZ_CP013544.1,2,Proteobacteria,Rhizobiales,Rhizobium phaseoli,355825
NZ_CP013545.1,2,Proteobacteria,Rhizobiales,Rhizobium phaseoli,413449
NZ_CP013549.1,2,Proteobacteria,Rhizobiales,Rhizobium phaseoli,413457
NZ_CP013550.1,2,Proteobacteria,Rhizobiales,Rhizobium phaseoli,414080
NZ_CP013554.1,2,Proteobacteria,Rhizobiales,Rhizobium phaseoli,431484
NZ_CP013560.1,2,Proteobacteria,Rhizobiales,Rhizobium phaseoli,407882
NZ_CP013565.1,2,Proteobacteria,Rhizobiales,Rhizobium phaseoli,431484
NZ_CP013571.1,2,Proteobacteria,Rhizobiales,Rhizobium phaseoli,414617
NZ_CP013577.1,2,Proteobacteria,Rhizobiales,Rhizobium phaseoli,414617
NZ_CP013582.1,2,Proteobacteria,Rhizobiales,Rhizobium phaseoli,427855
NZ_CP013583.1,2,Proteobacteria,Rhizobiales,Rhizobium phaseoli,429574
NZ_CP013587.1,2,Proteobacteria,Rhizobiales,Rhizobium phaseoli,395855
NZ_CP013588.1,2,Proteobacteria,Rhizobiales,Rhizobium phaseoli,407297
NZ_CP013592.1,2,Proteobacteria,Rhizobiales,Rhizobium sp. N871,433056
NZ_CP013593.1,2,Proteobacteria,Rhizobiales,Rhizobium sp. N871,501077
NZ_CP013598.1,2,Proteobacteria,Rhizobiales,Rhizobium sp. N741,433134
NZ_CP013599.1,2,Proteobacteria,Rhizobiales,Rhizobium sp. N741,501077
NZ_CP013604.1,2,Proteobacteria,Rhizobiales,Rhizobium sp. N731,433219
NZ_CP013606.1,2,Proteobacteria,Rhizobiales,Rhizobium sp. N731,506687
NZ_CP013716.1,2,Firmicutes,Bacillales,Staphylococcus equorum,64385
NZ_CP013746.1,2,Actinobacteria,Micrococcales,Arthrobacter sp. A3,194226
NZ_CP013856.1,2,Actinobacteria,Pseudonocardiales,Pseudonocardia sp. HH130630-07,118685
NZ_CP015083.1,2,Deinococcus-Thermus,Deinococcales,Deinococcus radiodurans,203183
NZ_CP015203.1,2,Actinobacteria,Corynebacteriales,Rhodococcus sp. 008,694228
NZ_CP015231.1,2,Proteobacteria,Rhodobacterales,Ruegeria mobilis,1256329
NZ_CP015236.1,2,Actinobacteria,Corynebacteriales,Rhodococcus fascians,197397
NZ_CP015368.1,2,Proteobacteria,Rhizobiales,Methylobacterium phyllosphaerae,144167
NZ_CP015742.1,2,Proteobacteria,Rhizobiales,Shinella sp. HZN7,147896
NZ_CP016453.1,2,Proteobacteria,Sphingomonadales,Sphingobium sp. RAC03,892708
NZ_CP016590.1,2,Firmicutes,Bacillales,Bacillus thuringiensis,293592
NZ_CP016596.1,2,Firmicutes,Bacillales,Bacillus cereus,319570
NZ_CP016890.1,2,Proteobacteria,Enterobacterales,Pantoea agglomerans,543504
NZ_CP017076.1,2,Proteobacteria,Sphingomonadales,Novosphingobium resinovorum,1756808
NZ_CP017077.1,2,Proteobacteria,Sphingomonadales,Novosphingobium resinovorum,960805
NZ_CP017102.1,2,Proteobacteria,Rhizobiales,Rhizobium gallicum,125266
NZ_CP017148.1,2,Proteobacteria,Rhizobiales,Bosea vaviloviae,339755
NZ_CP017355.1,2,Firmicutes,Lactobacillales,Lactobacillus plantarum,64303
NZ_CP018064.1,2,Actinobacteria,Corynebacteriales,Rhodococcus sp. 2G,365084
NZ_CP018230.1,2,Proteobacteria,Rhizobiales,Rhizobium leguminosarum,517692
NZ_CP018235.1,2,Proteobacteria,Rhizobiales,Rhizobium leguminosarum,227762
NZ_CP018741.1,2,Firmicutes,Bacillales,Bacillus cereus,257708
NZ_CP018781.1,2,Proteobacteria,Rhizobiales,Ochrobactrum pituitosum,332144
NZ_CP019318.1,2,Proteobacteria,Rhodobacterales,Tateyamaria omphalii,52013
NZ_CP019586.1,2,Proteobacteria,Rhizobiales,Sinorhizobium meliloti,1639840
NZ_CP019949.1,2,Proteobacteria,Rhizobiales,Methylocystis bryophila,175021
NZ_CP020539.1,2,Proteobacteria,Sphingomonadales,Sphingobium herbicidovorans,959196
NZ_CP020899.1,2,Proteobacteria,Rhizobiales,Rhizobium phaseoli,439779
NZ_CP020950.1,2,Proteobacteria,Rhizobiales,Rhizobium sp. CIAT894,464024
NZ_CP020951.1,2,Proteobacteria,Rhizobiales,Rhizobium sp. CIAT894,560456
NZ_CP021029.1,2,Proteobacteria,Rhizobiales,Rhizobium sp. TAL182,515326
NZ_CP021031.1,2,Proteobacteria,Rhizobiales,Rhizobium sp. NXC14,530065
NZ_CP021125.1,2,Proteobacteria,Rhizobiales,Rhizobium sp. Kim5,431886
NZ_CP021126.1,2,Proteobacteria,Rhizobiales,Rhizobium sp. Kim5,482471
NZ_CP021217.1,2,Proteobacteria,Rhizobiales,Sinorhizobium meliloti,1613292
NZ_CP021218.1,2,Proteobacteria,Rhizobiales,Sinorhizobium meliloti,1686813
NZ_CP021794.1,2,Proteobacteria,Rhizobiales,Sinorhizobium meliloti,1433621
NZ_CP021799.1,2,Proteobacteria,Rhizobiales,Sinorhizobium meliloti,1680729
NZ_CP021802.1,2,Proteobacteria,Rhizobiales,Sinorhizobium meliloti,2011522
NZ_CP021810.1,2,Proteobacteria,Rhizobiales,Sinorhizobium meliloti,1665079
NZ_CP021820.1,2,Proteobacteria,Rhizobiales,Sinorhizobium meliloti,1681904
NZ_CP021821.1,2,Proteobacteria,Rhizobiales,Sinorhizobium meliloti,416269
NZ_CP021823.1,2,Proteobacteria,Rhizobiales,Sinorhizobium meliloti,1683883
NZ_CP021828.1,2,Proteobacteria,Rhizobiales,Sinorhizobium meliloti,1624370
NZ_CP022567.1,2,Proteobacteria,Rhizobiales,Rhizobium leguminosarum,407945
NZ_HG916854.1,2,Proteobacteria,Rhizobiales,Rhizobium favelukesii,759787
NZ_LN890523.1,2,Proteobacteria,Enterobacterales,Salmonella enterica,82119
NZ_LN907828.1,2,Proteobacteria,Enterobacterales,Erwinia gerundensis,571293
NC_000958.1,1,Deinococcus-Thermus,Deinococcales,Deinococcus radiodurans,177466
NC_001949.1,1,Firmicutes,Lactobacillales,Lactococcus lactis,60232
NC_001988.2,1,Firmicutes,Clostridiales,Clostridium acetobutylicum,192000
NC_002119.1,1,Proteobacteria,Enterobacterales,Escherichia coli,9957
NC_002147.1,1,Proteobacteria,Rhizobiales,Agrobacterium tumefaciens,206479
NC_002377.1,1,Proteobacteria,Rhizobiales,Agrobacterium tumefaciens,194140
NC_002575.1,1,Proteobacteria,Rhizobiales,Agrobacterium rhizogenes,217594
NC_002679.1,1,Proteobacteria,Rhizobiales,Mesorhizobium loti,351911
NC_002682.1,1,Proteobacteria,Rhizobiales,Mesorhizobium loti,208315
NC_003037.1,1,Proteobacteria,Rhizobiales,Sinorhizobium meliloti,1354226
NC_003065.3,1,Proteobacteria,Rhizobiales,Agrobacterium fabrum,214233
NC_003080.1,1,Actinobacteria,Corynebacteriales,Corynebacterium jeikeium,14323
NC_003140.1,1,Firmicutes,Bacillales,Staphylococcus aureus,24653
NC_003265.1,1,Firmicutes,Bacillales,Staphylococcus aureus,38211
NC_003276.1,1,Cyanobacteria,Nostocales,Nostoc sp. PCC 7120,408101
NC_003320.2,1,Firmicutes,Lactobacillales,Lactobacillus curvatus,18664
NC_003458.1,1,Firmicutes,Lactobacillales,Lactobacillus acidophilus,13913
NC_004320.1,1,Actinobacteria,Corynebacteriales,Corynebacterium efficiens,48672
NC_004574.1,1,Proteobacteria,Rhodobacterales,Ruegeria sp. PR1b,148650
NC_004774.1,1,Actinobacteria,Corynebacteriales,Corynebacterium jeikeium,19934
NC_004808.2,1,Actinobacteria,Streptomycetales,Streptomyces rochei,210614
NC_004832.1,1,Firmicutes,Lactobacillales,Pediococcus acidilactici,8971
NC_004955.1,1,Firmicutes,Lactobacillales,Lactococcus lactis,10899
NC_005004.1,1,Firmicutes,Bacillales,Staphylococcus epidermidis,24365
NC_005010.1,1,Firmicutes,Lactobacillales,Enterococcus faecalis,9328
NC_005011.1,1,Firmicutes,Bacillales,Staphylococcus aureus,20654
NC_005207.3,1,Firmicutes,Bacillales,Staphylococcus warneri,30201
NC_005241.1,1,Proteobacteria,Burkholderiales,Cupriavidus necator,452156
NC_005249.1,1,Proteobacteria,Enterobacterales,Klebsiella pneumoniae,219385
NC_005250.1,1,Proteobacteria,Vibrionales,Vibrio anguillarum,65009
NC_005838.1,1,Deinococcus-Thermus,Thermales,Thermus thermophilus,232605
NC_005863.1,1,Proteobacteria,Desulfovibrionales,Desulfovibrio vulgaris,202301
NC_005916.1,1,Actinobacteria,Corynebacteriales,Mycobacterium ulcerans,174155
NC_005951.1,1,Firmicutes,Bacillales,Staphylococcus aureus,20652
NC_006365.1,1,Proteobacteria,Legionellales,Legionella pneumophila,131885
NC_006366.1,1,Proteobacteria,Legionellales,Legionella pneumophila,59832
NC_006462.1,1,Deinococcus-Thermus,Thermales,Thermus thermophilus,256992
NC_006569.1,1,Proteobacteria,Rhodobacterales,Ruegeria pomeroyi,491611
NC_006625.1,1,Proteobacteria,Enterobacterales,Klebsiella pneumoniae,224152
NC_007171.1,1,Firmicutes,Bacillales,Staphylococcus haemolyticus,8180
NC_007182.1,1,Proteobacteria,Enterobacterales,Sodalis glossinidius,81553
NC_007183.1,1,Proteobacteria,Enterobacterales,Sodalis glossinidius,81553
NC_007274.1,1,Proteobacteria,Pseudomonadales,Pseudomonas savastanoi,131950
NC_007675.1,1,Proteobacteria,Enterobacterales,Escherichia coli,184501
NC_007713.1,1,Proteobacteria,Enterobacterales,Sodalis glossinidius,83306
NC_007765.1,1,Proteobacteria,Rhizobiales,Rhizobium etli,505334
NC_007766.1,1,Proteobacteria,Rhizobiales,Rhizobium etli,642517
NC_007772.1,1,Firmicutes,Clostridiales,Clostridium perfringens,70480
NC_007773.1,1,Firmicutes,Clostridiales,Clostridium perfringens,75268
NC_007930.1,1,Firmicutes,Lactobacillales,Lactobacillus salivarius,242436
NC_007959.1,1,Proteobacteria,Rhizobiales,Nitrobacter hamburgensis,294829
NC_007960.1,1,Proteobacteria,Rhizobiales,Nitrobacter hamburgensis,188318
NC_008269.1,1,Actinobacteria,Corynebacteriales,Rhodococcus jostii,1123075
NC_008270.1,1,Actinobacteria,Corynebacteriales,Rhodococcus jostii,442536
NC_008378.1,1,Proteobacteria,Rhizobiales,Rhizobium leguminosarum,870021
NC_008382.1,1,Proteobacteria,Rhizobiales,Rhizobium leguminosarum,151564
NC_008503.1,1,Firmicutes,Lactobacillales,Lactococcus lactis,14041
NC_008712.1,1,Actinobacteria,Micrococcales,Paenarthrobacter aurescens,328237
NC_008741.1,1,Proteobacteria,Desulfovibrionales,Desulfovibrio vulgaris,198504
NC_009137.1,1,Firmicutes,Lactobacillales,Lactococcus lactis,16404
NC_009475.1,1,Proteobacteria,Rhizobiales,Bradyrhizobium sp. BTAi1,228826
NC_009496.1,1,Firmicutes,Clostridiales,Clostridium botulinum,16344
NC_009620.1,1,Proteobacteria,Rhizobiales,Sinorhizobium medicae,1570951
NC_009622.1,1,Proteobacteria,Rhizobiales,Sinorhizobium medicae,219313
NC_009700.1,1,Firmicutes,Clostridiales,Clostridium botulinum,17531
NC_009780.1,1,Proteobacteria,Enterobacterales,Cronobacter sakazakii,131196
NC_009793.1,1,Proteobacteria,Enterobacterales,Citrobacter koseri,9294
NC_009837.1,1,Proteobacteria,Enterobacterales,Escherichia coli,174241
NC_009926.1,1,Cyanobacteria,Synechococcales,Acaryochloris marina,374161
NC_009927.1,1,Cyanobacteria,Synechococcales,Acaryochloris marina,356087
NC_009958.1,1,Proteobacteria,Rhodobacterales,Dinoroseobacter shibae,86208
NC_010066.1,1,Firmicutes,Bacillales,Staphylococcus aureus,20413
NC_010076.1,1,Firmicutes,Bacillales,Bacillus thuringiensis,127923
NC_010077.1,1,Firmicutes,Bacillales,Staphylococcus aureus,34986
NC_010257.1,1,Proteobacteria,Enterobacterales,Escherichia coli,32014
NC_010282.1,1,Firmicutes,Bacillales,Bacillus thuringiensis,12459
NC_010311.1,1,Actinobacteria,Streptomycetales,Streptomyces sp. HK1,187263
NC_010408.1,1,Actinobacteria,Micrococcales,Clavibacter sepedonicus,94791
NC_010409.1,1,Proteobacteria,Enterobacterales,Escherichia coli,151002
NC_010419.1,1,Firmicutes,Bacillales,Staphylococcus aureus,35380
NC_010474.1,1,Cyanobacteria,Synechococcales,Synechococcus sp. PCC 7002,186459
NC_010514.1,1,Proteobacteria,Rhizobiales,Methylobacterium radiotolerans,42985
NC_010517.1,1,Proteobacteria,Rhizobiales,Methylobacterium radiotolerans,37743
NC_010578.1,1,Proteobacteria,Rhizobiales,Beijerinckia indica,66727
NC_010627.1,1,Proteobacteria,Burkholderiales,Paraburkholderia phymatum,595108
NC_010629.1,1,Cyanobacteria,Nostocales,Nostoc punctiforme,26419
NC_010630.1,1,Cyanobacteria,Nostocales,Nostoc punctiforme,123028
NC_010631.1,1,Cyanobacteria,Nostocales,Nostoc punctiforme,354564
NC_010813.1,1,Actinobacteria,Corynebacteriales,Corynebacterium aurimucosum,29037
NC_010841.1,1,Proteobacteria,Rhizobiales,Agrobacterium rhizogenes,185462
NC_010865.1,1,Proteobacteria,Rhizobiales,Sinorhizobium meliloti,181251
NC_010883.1,1,Proteobacteria,Enterobacterales,Escherichia coli,6750
NC_010924.1,1,Firmicutes,Bacillales,Bacillus cereus,270082
NC_010929.1,1,Proteobacteria,Rhizobiales,Agrobacterium tumefaciens,244978
NC_010997.1,1,Proteobacteria,Rhizobiales,Rhizobium etli,1091523
NC_011076.1,1,Proteobacteria,Enterobacterales,Salmonella enterica,146811
NC_011143.1,1,Proteobacteria,Caulobacterales,Phenylobacterium zucineum,382976
NC_011228.1,1,Proteobacteria,Enterobacterales,Escherichia coli,6758
NC_011355.1,1,Actinobacteria,Corynebacteriales,Mycobacterium liflandii,190588
NC_011366.1,1,Proteobacteria,Rhizobiales,Rhizobium leguminosarum,501946
NC_011655.1,1,Firmicutes,Bacillales,Bacillus cereus,270082
NC_011747.1,1,Proteobacteria,Enterobacterales,Escherichia coli,133853
NC_011758.1,1,Proteobacteria,Rhizobiales,Methylobacterium extorquens,380207
NC_011839.1,1,Firmicutes,Lactobacillales,Lactobacillus gasseri,33333
NC_011961.1,1,Chloroflexi,Thermomicrobiales,Thermomicrobium roseum,917738
NC_011964.1,1,Proteobacteria,Enterobacterales,Escherichia coli,124705
NC_011973.1,1,Firmicutes,Bacillales,Bacillus cereus,239246
NC_011977.1,1,Proteobacteria,Enterobacterales,Escherichia coli,7577
NC_011980.1,1,Proteobacteria,Enterobacterales,Escherichia coli,103275
NC_011982.1,1,Proteobacteria,Rhizobiales,Agrobacterium vitis,258824
NC_011984.1,1,Proteobacteria,Rhizobiales,Agrobacterium vitis,211620
NC_011987.1,1,Proteobacteria,Rhizobiales,Agrobacterium tumefaciens,388169
NC_011990.1,1,Proteobacteria,Rhizobiales,Agrobacterium tumefaciens,184668
NC_011991.1,1,Proteobacteria,Rhizobiales,Agrobacterium vitis,130435
NC_012169.1,1,Spirochaetes,Spirochaetales,Borreliella valaisiana,18022
NC_012181.1,1,Spirochaetes,Spirochaetales,Borreliella spielmanii,24828
NC_012219.1,1,Firmicutes,Clostridiales,Clostridium botulinum,106981
NC_012222.2,1,Firmicutes,Lactobacillales,Lactobacillus paracasei,14442
NC_012529.1,1,Deinococcus-Thermus,Deinococcales,Deinococcus deserti,314317
NC_012551.1,1,Firmicutes,Lactobacillales,Lactobacillus brevis,65037
NC_012718.1,1,Proteobacteria,Burkholderiales,Burkholderia glumae,141792
NC_012807.1,1,Proteobacteria,Rhizobiales,Methylobacterium extorquens,44195
NC_012858.1,1,Proteobacteria,Rhizobiales,Rhizobium leguminosarum,660973
NC_012882.1,1,Proteobacteria,Enterobacterales,Escherichia coli,6751
NC_013201.1,1,Euryarchaeota,Halobacteriales,Halomicrobium mukohataei,221862
NC_013290.1,1,Firmicutes,Bacillales,Staphylococcus aureus,20653
NC_013293.1,1,Firmicutes,Bacillales,Staphylococcus aureus,20730
NC_013301.1,1,Firmicutes,Bacillales,Staphylococcus aureus,20672
NC_013303.1,1,Firmicutes,Bacillales,Staphylococcus aureus,20653
NC_013304.1,1,Firmicutes,Bacillales,Staphylococcus aureus,20729
NC_013313.1,1,Firmicutes,Bacillales,Staphylococcus aureus,20730
NC_013317.1,1,Firmicutes,Lactobacillales,Enterococcus faecium,21806
NC_013322.1,1,Firmicutes,Bacillales,Staphylococcus aureus,27435
NC_013326.1,1,Firmicutes,Bacillales,Staphylococcus aureus,33702
NC_013331.1,1,Firmicutes,Bacillales,Staphylococcus aureus,28974
NC_013334.1,1,Firmicutes,Bacillales,Staphylococcus aureus,39308
NC_013340.1,1,Firmicutes,Bacillales,Staphylococcus aureus,35114
NC_013348.1,1,Firmicutes,Bacillales,Staphylococcus aureus,45052
NC_013367.1,1,Proteobacteria,Enterobacterales,Escherichia coli,8140
NC_013368.1,1,Proteobacteria,Enterobacterales,Escherichia coli,6673
NC_013377.1,1,Firmicutes,Bacillales,Staphylococcus epidermidis,26236
NC_013449.1,1,Actinobacteria,Streptomycetales,Streptomyces sp. W9,85518
NC_013550.1,1,Firmicutes,Bacillales,Staphylococcus aureus,17334
NC_013657.1,1,Firmicutes,Lactobacillales,Lactococcus lactis,37510
NC_013744.1,1,Euryarchaeota,Natrialbales,Haloterrigena turkmenica,698495
NC_013792.1,1,Firmicutes,Bacillales,Bacillus pseudofirmus,285222
NC_013860.1,1,Proteobacteria,Rhodospirillales,Azospirillum lipoferum,261596
NC_013923.1,1,Euryarchaeota,Natrialbales,Natrialba magadii,378348
NC_013964.1,1,Euryarchaeota,Haloferacales,Haloferax volcanii,437906
NC_014007.1,1,Proteobacteria,Sphingomonadales,Sphingobium japonicum,190974
NC_014023.1,1,Firmicutes,Bacillales,Bacillus megaterium,164406
NC_014025.1,1,Firmicutes,Bacillales,Bacillus megaterium,66985
NC_014159.1,1,Actinobacteria,Corynebacteriales,Tsukamurella paurometabola,99806
NC_014172.1,1,Firmicutes,Bacillales,Bacillus thuringiensis,312963
NC_014298.1,1,Euryarchaeota,Halobacteriales,Halalkalicoccus jeotgali,406285
NC_014382.1,1,Proteobacteria,Enterobacterales,Escherichia coli,73801
NC_014544.1,1,Proteobacteria,Legionellales,Legionella longbeachae,71826
NC_014563.1,1,Proteobacteria,Enterobacterales,Pantoea vagans,165693
NC_014620.1,1,Firmicutes,Lactobacillales,Lactobacillus casei,13908
NC_014633.1,1,Fusobacteria,Fusobacteriales,Ilyobacter polytropus,961624
NC_014736.1,1,Euryarchaeota,Haloferacales,Halogeometricum borinquense,210350
NC_014757.1,1,Firmicutes,Bacillales,Bacillus cereus,56149
NC_014818.1,1,Proteobacteria,Caulobacterales,Asticcacaulis excentricus,244260
NC_014839.1,1,Proteobacteria,Enterobacterales,Pantoea sp. At-9b,394054
NC_015062.1,1,Proteobacteria,Enterobacterales,Rahnella sp. Y9602,616549
NC_015165.1,1,Bacteroidetes,Bacteroidales,Bacteroides salanitronis,40303
NC_015168.1,1,Bacteroidetes,Bacteroidales,Bacteroides salanitronis,19280
NC_015169.1,1,Deinococcus-Thermus,Deinococcales,Deinococcus proteolyticus,314518
NC_015258.1,1,Proteobacteria,-,Polymorphum gilvum,69598
NC_015319.1,1,Firmicutes,Lactobacillales,Lactobacillus amylovorus,33688
NC_015383.1,1,Proteobacteria,Burkholderiales,Burkholderia gladioli,403586
NC_015517.1,1,Firmicutes,Lactobacillales,Melissococcus plutonius,177718
NC_015561.1,1,Actinobacteria,Corynebacteriales,Hoyosella subflava,106784
NC_015579.1,1,Proteobacteria,Sphingomonadales,Novosphingobium sp. PP1Y,192103
NC_015583.1,1,Proteobacteria,Sphingomonadales,Novosphingobium sp. PP1Y,1161602
NC_015592.1,1,Proteobacteria,Rhizobiales,Sinorhizobium meliloti,70499
NC_015595.1,1,Proteobacteria,Sphingomonadales,Sphingobium chlorophenolicum,123733
NC_015603.1,1,Firmicutes,Lactobacillales,Lactobacillus kefiranofaciens,46296
NC_015658.1,1,Euryarchaeota,Natrialbales,Halopiger xanaduensis,436718
NC_015685.1,1,Proteobacteria,Rhizobiales,Oligotropha carboxidovorans,167269
NC_015686.1,1,Firmicutes,Clostridiales,Clostridium acetobutylicum,191996
NC_015708.1,1,Proteobacteria,Alteromonadales,Pseudoalteromonas sp. SANK 73390,97600
NC_015712.1,1,Firmicutes,Clostridiales,Clostridium perfringens,67479
NC_015724.1,1,Proteobacteria,Burkholderiales,Cupriavidus necator,424140
NC_015741.1,1,Proteobacteria,Rhodobacterales,Roseobacter litoralis,93578
NC_015742.1,1,Proteobacteria,Rhizobiales,Sinorhizobium fredii,183612
NC_015952.1,1,Actinobacteria,Streptomycetales,Streptomyces violaceusniger,191151
NC_015963.1,1,Proteobacteria,Enterobacterales,Enterobacter asburiae,166725
NC_015974.1,1,Proteobacteria,Sphingomonadales,Sphingobium sp. SYK-6,148801
NC_016587.1,1,Proteobacteria,Rhodospirillales,Azospirillum lipoferum,645253
NC_016595.1,1,Proteobacteria,Rhodospirillales,Azospirillum brasilense,778798
NC_016646.1,1,Proteobacteria,Rhodobacterales,Pseudovibrio sp. FO-BEG1,441112
NC_016792.1,1,Firmicutes,Bacillales,Bacillus cereus,270082
NC_016817.1,1,Proteobacteria,Enterobacterales,Pantoea ananatis,302599
NC_016835.1,1,Proteobacteria,Enterobacterales,Rahnella aquatilis,463906
NC_016982.1,1,Firmicutes,Lactobacillales,Lactococcus garvieae,68798
NC_017017.1,1,Firmicutes,Lactobacillales,Pediococcus claussenii,18800
NC_017060.1,1,Proteobacteria,Enterobacterales,Rahnella aquatilis,570951
NC_017202.1,1,Firmicutes,Bacillales,Bacillus thuringiensis,127885
NC_017206.1,1,Firmicutes,Bacillales,Bacillus thuringiensis,83590
NC_017273.1,1,Deinococcus-Thermus,Thermales,Thermus thermophilus,440026
NC_017296.1,1,Firmicutes,Clostridiales,Clostridium acetobutylicum,191996
NC_017311.1,1,Proteobacteria,Desulfovibrionales,Desulfovibrio vulgaris,202305
NC_017339.1,1,Firmicutes,Bacillales,Staphylococcus aureus,20730
NC_017345.1,1,Firmicutes,Bacillales,Staphylococcus aureus,24491
NC_017373.1,1,Proteobacteria,Campylobacterales,Helicobacter pylori,25916
NC_017499.1,1,Firmicutes,Lactobacillales,Lactobacillus salivarius,242962
NC_017533.1,1,Proteobacteria,Enterobacterales,Pantoea ananatis,321744
NC_017539.1,1,Proteobacteria,Rhizobiales,Oligotropha carboxidovorans,167269
NC_017541.1,1,Proteobacteria,Enterobacterales,Klebsiella pneumoniae,202852
NC_017543.1,1,Firmicutes,Bacillales,Paenibacillus polymyxa,366576
NC_017553.1,1,Proteobacteria,Enterobacterales,Pantoea ananatis,280753
NC_017588.1,1,Deinococcus-Thermus,Thermales,Thermus thermophilus,265886
NC_017659.1,1,Proteobacteria,Enterobacterales,Escherichia coli,147060
NC_017792.1,1,Deinococcus-Thermus,Deinococcales,Deinococcus gobiensis,72036
NC_017962.1,1,Firmicutes,Lactobacillales,Enterococcus faecium,66247
NC_017966.1,1,Proteobacteria,Rhodospirillales,Tistrella mobilis,690188
NC_018287.1,1,Proteobacteria,Rhodobacterales,Phaeobacter inhibens,78238
NC_018291.1,1,Proteobacteria,Rhodobacterales,Phaeobacter inhibens,261820
NC_018421.1,1,Proteobacteria,Rhodobacterales,Phaeobacter inhibens,237766
NC_018422.1,1,Proteobacteria,Rhodobacterales,Phaeobacter inhibens,70384
NC_018423.1,1,Proteobacteria,Rhodobacterales,Phaeobacter inhibens,94494
NC_018486.1,1,Firmicutes,Bacillales,Bacillus thuringiensis,171030
NC_018499.1,1,Firmicutes,Bacillales,Bacillus cereus,36273
NC_018682.1,1,Proteobacteria,Rhizobiales,Sinorhizobium meliloti,246023
NC_018683.1,1,Proteobacteria,Rhizobiales,Sinorhizobium meliloti,1559666
NC_018685.1,1,Firmicutes,Bacillales,Bacillus thuringiensis,95433
NC_018696.1,1,Proteobacteria,Burkholderiales,Paraburkholderia phenoliruptrix,785419
NC_018952.1,1,Firmicutes,Bacillales,Staphylococcus aureus,33701
NC_018953.1,1,Proteobacteria,Enterobacterales,Klebsiella pneumoniae,9294
NC_018954.1,1,Proteobacteria,Enterobacterales,Salmonella enterica,146811
NC_018965.1,1,Firmicutes,Bacillales,Staphylococcus aureus,35510
NC_018966.1,1,Proteobacteria,Enterobacterales,Salmonella enterica,146002
NC_018968.1,1,Firmicutes,Bacillales,Staphylococcus aureus,28404
NC_019009.1,1,Firmicutes,Bacillales,Staphylococcus aureus,35508
NC_019018.1,1,Actinobacteria,Corynebacteriales,Mycobacterium marinum,104530
NC_019088.1,1,Proteobacteria,Enterobacterales,Escherichia coli,47506
NC_019117.1,1,Proteobacteria,Enterobacterales,Salmonella enterica,117278
NC_019122.1,1,Proteobacteria,Enterobacterales,Salmonella enterica,120524
NC_019156.1,1,Proteobacteria,Enterobacterales,Klebsiella pneumoniae,15101
NC_019240.1,1,Firmicutes,Lactobacillales,Enterococcus durans,8347
NC_019257.1,1,Firmicutes,Clostridiales,Clostridium perfringens,70192
NC_019307.1,1,Actinobacteria,Streptomycetales,Streptomyces sp. W75,84833
NC_019358.1,1,Firmicutes,Clostridiales,Clostridium perfringens,11891
NC_019364.1,1,Proteobacteria,Rhodobacterales,Sulfitobacter guttiformis,118476
NC_019394.1,1,Proteobacteria,Alteromonadales,Alteromonas mediterranea,303282
NC_019431.1,1,Firmicutes,Lactobacillales,Lactococcus lactis,53051
NC_019555.1,1,Proteobacteria,Rhizobiales,Agrobacterium tumefaciens,176574
NC_019561.1,1,Proteobacteria,Campylobacterales,Helicobacter pylori,18787
NC_019700.1,1,Cyanobacteria,Oscillatoriales,Oscillatoria acuminata,64128
NC_019727.1,1,Cyanobacteria,Nostocales,Calothrix parietina,80757
NC_019733.1,1,Cyanobacteria,Oscillatoriales,Crinalium epipsammum,54978
NC_019735.1,1,Cyanobacteria,Oscillatoriales,Crinalium epipsammum,44285
NC_019774.1,1,Cyanobacteria,Nostocales,Anabaena cylindrica,97606
NC_020050.1,1,Cyanobacteria,Nostocales,Cylindrospermum stagnale,431821
NC_020060.1,1,Proteobacteria,Rhizobiales,Rhizobium tropici,216610
NC_020182.1,1,Proteobacteria,Enterobacterales,Klebsiella aerogenes,9294
NC_020208.1,1,Firmicutes,Lactobacillales,Enterococcus faecium,214319
NC_020263.1,1,Proteobacteria,Enterobacterales,Cronobacter sakazakii,118136
NC_020383.1,1,Firmicutes,Bacillales,Bacillus thuringiensis,85134
NC_020385.1,1,Firmicutes,Bacillales,Bacillus thuringiensis,328151
NC_020393.1,1,Firmicutes,Bacillales,Bacillus thuringiensis,107431
NC_020412.1,1,Proteobacteria,Enterobacterales,Shigella sonnei,8338
NC_020522.1,1,Proteobacteria,Legionellales,Legionella pneumophila,73490
NC_020527.1,1,Proteobacteria,Rhizobiales,Sinorhizobium meliloti,1352561
NC_020542.1,1,Proteobacteria,Sphingomonadales,Sphingomonas sp. MM-1,275840
NC_020548.1,1,Proteobacteria,Rhodocyclales,Azoarcus sp. KH32C,737589
NC_020826.1,1,Firmicutes,Lactobacillales,Lactobacillus brevis,35340
NC_020827.1,1,Firmicutes,Lactobacillales,Lactobacillus brevis,11627
NC_021183.1,1,Firmicutes,Clostridiales,Clostridium pasteurianum,53393
NC_021209.1,1,Proteobacteria,Rhizobiales,Sinorhizobium sp. M14,108938
NC_021231.1,1,Proteobacteria,Enterobacterales,Klebsiella pneumoniae,113685
NC_021295.1,1,Proteobacteria,Burkholderiales,Burkholderia sp. RPE64,309692
NC_021552.1,1,Firmicutes,Bacillales,Staphylococcus aureus,24653
NC_021656.1,1,Proteobacteria,Enterobacterales,Klebsiella pneumoniae,48790
NC_021666.1,1,Proteobacteria,Enterobacterales,Klebsiella pneumoniae,14709
NC_021718.1,1,Proteobacteria,Alteromonadales,Alteromonas mediterranea,303282
NC_021815.1,1,Proteobacteria,Enterobacterales,Salmonella enterica,221009
NC_021886.1,1,Proteobacteria,-,Candidatus Profftella armatura,5458
NC_021908.1,1,Proteobacteria,Rhizobiales,Rhizobium etli,512054
NC_021910.1,1,Proteobacteria,Rhizobiales,Rhizobium etli,269426
NC_021911.1,1,Proteobacteria,Rhizobiales,Rhizobium etli,1082659
NC_021989.1,1,Firmicutes,Lactobacillales,Enterococcus faecium,9319
NC_022042.1,1,Proteobacteria,Rhodobacterales,Paracoccus aminophilus,118164
NC_022044.1,1,Proteobacteria,Rhodobacterales,Paracoccus aminophilus,206583
NC_022111.1,1,Bacteroidetes,Bacteroidales,Prevotella sp. oral taxon 299,1770419
NC_022225.1,1,Proteobacteria,Vibrionales,Vibrio anguillarum,66164
NC_022436.1,1,Proteobacteria,Desulfovibrionales,Desulfovibrio gigas,102023
NC_022585.1,1,Proteobacteria,Enterobacterales,Shigella sonnei,6774
NC_022598.1,1,Firmicutes,Bacillales,Staphylococcus aureus,60563
NC_022884.1,1,Firmicutes,Lactobacillales,Enterococcus mundtii,23629
NC_023024.1,1,Proteobacteria,Enterobacterales,Cronobacter malonaticus,126488
NC_023140.1,1,Proteobacteria,Rhodobacterales,Phaeobacter gallaeciensis,77876
NC_023142.1,1,Proteobacteria,Rhodobacterales,Phaeobacter gallaeciensis,68752
NC_023143.1,1,Proteobacteria,Rhodobacterales,Phaeobacter gallaeciensis,40170
NC_023315.1,1,Proteobacteria,Enterobacterales,Escherichia coli,85507
NC_023316.1,1,Actinobacteria,Streptomycetales,Streptomyces sp. 14R-10,127862
NC_023325.1,1,Proteobacteria,Enterobacterales,Escherichia coli,6747
NC_023327.1,1,Proteobacteria,Enterobacterales,Escherichia coli,168543
NC_024962.1,1,Proteobacteria,Enterobacterales,Escherichia coli,6077
NC_024984.1,1,Firmicutes,Lactobacillales,Lactobacillus plantarum,11898
NC_024989.1,1,Firmicutes,Clostridiales,Clostridium botulinum,21001
NC_025002.1,1,Firmicutes,Clostridiales,Clostridium botulinum,21001
NC_025024.1,1,Proteobacteria,Burkholderiales,Burkholderia glumae,3672
NC_025194.1,1,Firmicutes,Bacillales,Staphylococcus aureus,10406
NT_187149.1,1,Proteobacteria,Rhizobiales,Sinorhizobium fredii,47988
NT_187154.1,1,Proteobacteria,Rhizobiales,Sinorhizobium fredii,12375
NT_187164.1,1,Proteobacteria,Rhizobiales,Sinorhizobium fredii,30254
NZ_AP012556.1,1,Actinobacteria,Corynebacteriales,Mycobacterium avium,194711
NZ_AP014640.1,1,Cyanobacteria,Synechococcales,Leptolyngbya boryana,504942
NZ_AP014644.1,1,Cyanobacteria,Synechococcales,Leptolyngbya boryana,504942
NZ_AP014659.1,1,Proteobacteria,Rhizobiales,Bradyrhizobium diazoefficiens,212255
NZ_AP014686.1,1,Proteobacteria,Rhizobiales,Bradyrhizobium diazoefficiens,210438
NZ_AP014688.1,1,Proteobacteria,Rhizobiales,Bradyrhizobium diazoefficiens,136153
NZ_AP014705.1,1,Proteobacteria,Rhizobiales,Methylobacterium aquaticum,1571989
NZ_AP014802.1,1,Proteobacteria,Rhodobacterales,Rhodovulum sulfidophilum,106137
NZ_AP014866.1,1,Firmicutes,Bacillales,Bacillus thuringiensis,293217
NZ_AP014943.1,1,Firmicutes,Bacillales,Staphylococcus aureus,27490
NZ_CP003988.1,1,Actinobacteria,Streptomycetales,Streptomyces sp. 769,237512
NZ_CP005190.1,1,Proteobacteria,Sphingomonadales,Sphingobium sp. MI1205,292135
NZ_CP005931.1,1,Proteobacteria,Enterobacterales,Escherichia coli,194170
NZ_CP005961.1,1,Proteobacteria,Pseudomonadales,Pseudomonas mandelii,410512
NZ_CP006368.1,1,Proteobacteria,Rhizobiales,Aureimonas sp. AU20,488888
NZ_CP006369.1,1,Proteobacteria,Rhizobiales,Aureimonas sp. AU20,436017
NZ_CP006570.1,1,Proteobacteria,Enterobacterales,Sodalis praecaptivus,449897
NZ_CP006583.1,1,Proteobacteria,Rhizobiales,Mesorhizobium huakuii,323475
NZ_CP006635.1,1,Proteobacteria,Enterobacterales,Escherichia coli,161511
NZ_CP006684.1,1,Firmicutes,Lactobacillales,Melissococcus plutonius,177673
NZ_CP006843.1,1,Actinobacteria,Corynebacteriales,Corynebacterium glyciniphilum,58432
NZ_CP006878.1,1,Proteobacteria,Rhizobiales,Rhizobium gallicum,203748
NZ_CP006919.1,1,Proteobacteria,Enterobacterales,Klebsiella pneumoniae,25284
NZ_CP006928.1,1,Proteobacteria,Enterobacterales,Klebsiella pneumoniae,14249
NZ_CP006987.1,1,Proteobacteria,Rhizobiales,Rhizobium sp. IE4771,244771
NZ_CP006990.1,1,Proteobacteria,Rhizobiales,Rhizobium sp. IE4771,729172
NZ_CP007046.1,1,Proteobacteria,Rhizobiales,Rhizobium leguminosarum,667306
NZ_CP007048.1,1,Proteobacteria,Rhizobiales,Rhizobium leguminosarum,341391
NZ_CP007056.1,1,Euryarchaeota,Natrialbales,Halostagnicola larsenii,573680
NZ_CP007068.1,1,Proteobacteria,Rhizobiales,Rhizobium leguminosarum,1563772
NZ_CP007069.1,1,Proteobacteria,Rhizobiales,Rhizobium leguminosarum,509829
NZ_CP007209.1,1,Firmicutes,Bacillales,Staphylococcus xylosus,30062
NZ_CP007228.1,1,Proteobacteria,Rhizobiales,Agrobacterium tumefaciens,205997
NZ_CP007238.1,1,Proteobacteria,Rhizobiales,Ensifer adhaerens,125203
NZ_CP007239.1,1,Proteobacteria,Rhizobiales,Ensifer adhaerens,1614950
NZ_CP007257.1,1,Actinobacteria,Corynebacteriales,Rhodococcus erythropolis,477915
NZ_CP007515.1,1,Actinobacteria,Rubrobacterales,Rubrobacter radiotolerans,190889
NZ_CP007516.1,1,Actinobacteria,Rubrobacterales,Rubrobacter radiotolerans,149806
NZ_CP007644.1,1,Proteobacteria,Rhizobiales,Rhizobium etli,711724
NZ_CP007645.1,1,Proteobacteria,Rhizobiales,Rhizobium etli,742914
NZ_CP007647.1,1,Firmicutes,Lactobacillales,Lactobacillus salivarius,219748
NZ_CP007671.1,1,Firmicutes,Bacillales,Staphylococcus aureus,20409
NZ_CP007673.1,1,Firmicutes,Bacillales,Staphylococcus aureus,25054
NZ_CP007675.1,1,Firmicutes,Bacillales,Staphylococcus aureus,25025
NZ_CP007677.1,1,Firmicutes,Bacillales,Staphylococcus aureus,20185
NZ_CP007678.1,1,Firmicutes,Bacillales,Staphylococcus aureus,20291
NZ_CP007728.1,1,Proteobacteria,Enterobacterales,Klebsiella pneumoniae,15096
NZ_CP007796.1,1,Proteobacteria,Rhodospirillales,Azospirillum brasilense,686487
NZ_CP008715.1,1,Proteobacteria,Enterobacterales,Escherichia coli,120653
NZ_CP008814.1,1,Firmicutes,Lactobacillales,Enterococcus faecalis,41610
NZ_CP008815.1,1,Firmicutes,Lactobacillales,Enterococcus faecalis,66548
NZ_CP008828.1,1,Proteobacteria,Enterobacterales,Klebsiella pneumoniae,15096
NZ_CP008839.1,1,Firmicutes,Lactobacillales,Lactobacillus gasseri,48922
NZ_CP009047.1,1,Firmicutes,Bacillales,Staphylococcus epidermidis,37688
NZ_CP009055.1,1,Firmicutes,Lactobacillales,Lactococcus lactis,37571
NZ_CP009074.1,1,Proteobacteria,Enterobacterales,Escherichia coli,24185
NZ_CP009123.1,1,Proteobacteria,Sphingomonadales,Sphingopyxis fribergensis,208588
NZ_CP009145.1,1,Proteobacteria,Rhizobiales,Sinorhizobium meliloti,1466845
NZ_CP009266.1,1,Proteobacteria,Vibrionales,Vibrio coralliilyticus,380781
NZ_CP009332.1,1,Firmicutes,Bacillales,Bacillus thuringiensis,82340
NZ_CP009336.1,1,Firmicutes,Bacillales,Bacillus thuringiensis,358965
NZ_CP009350.1,1,Firmicutes,Bacillales,Bacillus thuringiensis,107443
NZ_CP009362.1,1,Firmicutes,Bacillales,Staphylococcus aureus,27491
NZ_CP009368.1,1,Firmicutes,Bacillales,Bacillus cereus,402605
NZ_CP009432.1,1,Proteobacteria,Burkholderiales,Burkholderia glumae,144522
NZ_CP009547.1,1,Proteobacteria,Burkholderiales,Burkholderia sp. 2002721687,305110
NZ_CP009579.1,1,Proteobacteria,Enterobacterales,Escherichia coli,141804
NZ_CP009595.1,1,Firmicutes,Bacillales,Bacillus cereus,312478
NZ_CP009606.1,1,Firmicutes,Bacillales,Bacillus cereus,312478
NZ_CP009627.1,1,Firmicutes,Bacillales,Bacillus cereus,36802
NZ_CP009639.1,1,Firmicutes,Bacillales,Bacillus cereus,281957
NZ_CP009691.1,1,Firmicutes,Bacillales,Bacillus mycoides,360889
NZ_CP009719.1,1,Firmicutes,Bacillales,Bacillus thuringiensis,14648
NZ_CP009772.1,1,Proteobacteria,Enterobacterales,Klebsiella pneumoniae,9294
NZ_CP009778.1,1,Proteobacteria,Enterobacterales,Klebsiella pneumoniae,15271
NZ_CP009860.1,1,Proteobacteria,Enterobacterales,Escherichia coli,121385
NZ_CP009877.1,1,Proteobacteria,Enterobacterales,Klebsiella pneumoniae,15100
NZ_CP009921.1,1,Firmicutes,Bacillales,Bacillus megaterium,301264
NZ_CP010016.1,1,Proteobacteria,Burkholderiales,Burkholderia thailandensis,326388
NZ_CP010024.1,1,Proteobacteria,Burkholderiales,Paraburkholderia fungorum,437218
NZ_CP010104.1,1,Proteobacteria,Thiotrichales,Francisella tularensis,41959
NZ_CP010111.1,1,Firmicutes,Bacillales,Bacillus thuringiensis,253580
NZ_CP010126.1,1,Proteobacteria,Enterobacterales,Escherichia coli,143617
NZ_CP010127.1,1,Proteobacteria,Enterobacterales,Escherichia coli,42655
NZ_CP010141.1,1,Proteobacteria,Enterobacterales,Escherichia coli,174041
NZ_CP010147.1,1,Proteobacteria,Enterobacterales,Escherichia coli,88754
NZ_CP010149.1,1,Proteobacteria,Enterobacterales,Escherichia coli,199494
NZ_CP010158.1,1,Proteobacteria,Enterobacterales,Escherichia coli,128612
NZ_CP010179.1,1,Proteobacteria,Enterobacterales,Escherichia coli,116417
NZ_CP010189.1,1,Proteobacteria,Enterobacterales,Escherichia coli,6038
NZ_CP010198.1,1,Proteobacteria,Enterobacterales,Escherichia coli,6037
NZ_CP010204.1,1,Proteobacteria,Enterobacterales,Escherichia coli,3904
NZ_CP010210.1,1,Proteobacteria,Enterobacterales,Escherichia coli,6038
NZ_CP010217.1,1,Proteobacteria,Enterobacterales,Escherichia coli,6036
NZ_CP010225.1,1,Proteobacteria,Enterobacterales,Escherichia coli,11321
NZ_CP010270.1,1,Firmicutes,Bacillales,Paenibacillus polymyxa,223537
NZ_CP010316.1,1,Proteobacteria,Enterobacterales,Escherichia coli,144859
NZ_CP010408.1,1,Actinobacteria,Streptomycetales,Streptomyces vietnamensis,286635
NZ_CP010420.1,1,Proteobacteria,Pseudomonadales,Azotobacter chroococcum,132372
NZ_CP010421.1,1,Proteobacteria,Pseudomonadales,Azotobacter chroococcum,311724
NZ_CP010956.1,1,Proteobacteria,Sphingomonadales,Sphingobium sp. YBL2,227503
NZ_CP010991.1,1,Actinobacteria,Pseudonocardiales,Pseudonocardia sp. EC080625-04,121382
NZ_CP011046.1,1,Actinobacteria,Micrococcales,Clavibacter insidiosus,103451
NZ_CP011048.1,1,Proteobacteria,Enterobacterales,Cronobacter sakazakii,93905
NZ_CP011156.1,1,Firmicutes,Bacillales,Bacillus cereus,435420
NZ_CP011157.1,1,Firmicutes,Bacillales,Bacillus cereus,141238
NZ_CP011249.1,1,Proteobacteria,Rhizobiales,Agrobacterium tumefaciens,194264
NZ_CP011282.1,1,Firmicutes,Lactobacillales,Enterococcus faecium,152440
NZ_CP011285.1,1,Firmicutes,Lactobacillales,Enterococcus faecium,13141
NZ_CP011457.1,1,Cyanobacteria,Nostocales,Anabaena sp. WA102,76597
NZ_CP011493.1,1,Proteobacteria,Enterobacterales,Escherichia coli,140232
NZ_CP011513.1,1,Firmicutes,Bacillales,Paenibacillus peoriae,213282
NZ_CP011515.1,1,Proteobacteria,Burkholderiales,Mitsuaria sp. 7,262673
NZ_CP011527.1,1,Firmicutes,Bacillales,Staphylococcus aureus,27490
NZ_CP011529.1,1,Firmicutes,Bacillales,Staphylococcus aureus,17905
NZ_CP011667.1,1,Actinobacteria,Streptomycetales,Streptomyces sp. Mg1,183653
NZ_CP011829.1,1,Firmicutes,Lactobacillales,Enterococcus faecium,229882
NZ_CP011831.1,1,Firmicutes,Lactobacillales,Enterococcus faecium,10839
NZ_CP011836.1,1,Proteobacteria,Pseudomonadales,Azotobacter chroococcum,306103
NZ_CP011869.1,1,Actinobacteria,Pseudonocardiales,Pseudonocardia sp. HH130629-09,242173
NZ_CP011948.1,1,Euryarchaeota,Haloferacales,Haloferax gibbonsii,488062
NZ_CP011949.1,1,Euryarchaeota,Haloferacales,Haloferax gibbonsii,335881
NZ_CP011979.1,1,Proteobacteria,Enterobacterales,Klebsiella pneumoniae,20222
NZ_CP012100.1,1,Firmicutes,Bacillales,Bacillus thuringiensis,509170
NZ_CP012101.1,1,Firmicutes,Bacillales,Bacillus thuringiensis,337579
NZ_CP012102.1,1,Firmicutes,Bacillales,Bacillus thuringiensis,92085
NZ_CP012183.1,1,Actinobacteria,Pseudonocardiales,Pseudonocardia sp. EC080610-09,118633
NZ_CP012186.1,1,Actinobacteria,Pseudonocardiales,Pseudonocardia sp. EC080619-01,206535
NZ_CP012255.1,1,Proteobacteria,Enterobacterales,Cronobacter sakazakii,117795
NZ_CP012258.1,1,Proteobacteria,Enterobacterales,Cronobacter universalis,129777
NZ_CP012265.1,1,Proteobacteria,Enterobacterales,Cronobacter condimenti,151491
NZ_CP012267.1,1,Proteobacteria,Enterobacterales,Cronobacter dublinensis,197338
NZ_CP012434.1,1,Firmicutes,Lactobacillales,Enterococcus faecium,13123
NZ_CP012435.1,1,Firmicutes,Lactobacillales,Enterococcus faecium,13136
NZ_CP012437.1,1,Firmicutes,Lactobacillales,Enterococcus faecium,196671
NZ_CP012441.1,1,Firmicutes,Lactobacillales,Enterococcus faecium,201621
NZ_CP012446.1,1,Firmicutes,Lactobacillales,Enterococcus faecium,13149
NZ_CP012448.1,1,Firmicutes,Lactobacillales,Enterococcus faecium,172088
NZ_CP012455.1,1,Firmicutes,Lactobacillales,Enterococcus faecium,204986
NZ_CP012461.1,1,Firmicutes,Lactobacillales,Enterococcus faecium,200151
NZ_CP012467.1,1,Firmicutes,Lactobacillales,Enterococcus faecium,202319
NZ_CP012472.1,1,Firmicutes,Lactobacillales,Enterococcus faecium,215120
NZ_CP012493.1,1,Proteobacteria,Enterobacterales,Escherichia coli,52297
NZ_CP012575.1,1,Actinobacteria,Micrococcales,Clavibacter capsici,145549
NZ_CP012592.1,1,Proteobacteria,-,Candidatus Profftella armatura,5458
NZ_CP012596.1,1,Firmicutes,Bacillales,Staphylococcus aureus,23351
NZ_CP012626.1,1,Proteobacteria,Enterobacterales,Escherichia coli,110808
NZ_CP012632.1,1,Proteobacteria,Enterobacterales,Escherichia coli,93074
NZ_CP012636.1,1,Proteobacteria,Enterobacterales,Escherichia coli,149683
NZ_CP012711.1,1,Proteobacteria,Pseudomonadales,Psychrobacter urativorans,49020
NZ_CP012917.1,1,Proteobacteria,Rhodospirillales,Azospirillum brasilense,645064
NZ_CP012928.1,1,Proteobacteria,Enterobacterales,Salmonella enterica,62920
NZ_CP012971.1,1,Firmicutes,Bacillales,Staphylococcus aureus,20633
NZ_CP012973.1,1,Firmicutes,Bacillales,Staphylococcus aureus,20633
NZ_CP012975.1,1,Firmicutes,Bacillales,Staphylococcus aureus,17307
NZ_CP012977.1,1,Firmicutes,Bacillales,Staphylococcus aureus,17307
NZ_CP012980.1,1,Firmicutes,Bacillales,Staphylococcus aureus,20720
NZ_CP013027.1,1,Proteobacteria,Enterobacterales,Escherichia coli,174564
NZ_CP013038.1,1,Firmicutes,Clostridiales,Clostridium perfringens,14657
NZ_CP013045.1,1,Firmicutes,Clostridiales,Clostridium perfringens,14060
NZ_CP013071.1,1,Proteobacteria,Sphingomonadales,Sphingobium indicum,139218
NZ_CP013072.1,1,Proteobacteria,Sphingomonadales,Sphingobium indicum,108430
NZ_CP013265.1,1,Proteobacteria,Sphingomonadales,Sphingobium baderi,229716
NZ_CP013266.1,1,Proteobacteria,Sphingomonadales,Sphingobium baderi,85174
NZ_CP013381.1,1,Proteobacteria,Burkholderiales,Burkholderia sp. Bp5365,305114
NZ_CP013412.1,1,Proteobacteria,Burkholderiales,Burkholderia thailandensis,157775
NZ_CP013415.1,1,Proteobacteria,Burkholderiales,Burkholderia ubonensis,299296
NZ_CP013494.1,1,Proteobacteria,Rhizobiales,Rhizobium sp. N6212,742499
NZ_CP013499.1,1,Proteobacteria,Rhizobiales,Rhizobium sp. N621,742499
NZ_CP013504.1,1,Proteobacteria,Rhizobiales,Rhizobium etli,752940
NZ_CP013510.1,1,Proteobacteria,Rhizobiales,Rhizobium sp. N1341,751351
NZ_CP013515.1,1,Proteobacteria,Rhizobiales,Rhizobium sp. N1314,488795
NZ_CP013521.1,1,Proteobacteria,Rhizobiales,Rhizobium sp. N113,755598
NZ_CP013523.1,1,Proteobacteria,Rhizobiales,Rhizobium phaseoli,256181
NZ_CP013531.1,1,Proteobacteria,Rhizobiales,Rhizobium phaseoli,1074795
NZ_CP013536.1,1,Proteobacteria,Rhizobiales,Rhizobium phaseoli,990934
NZ_CP013541.1,1,Proteobacteria,Rhizobiales,Rhizobium phaseoli,1144409
NZ_CP013546.1,1,Proteobacteria,Rhizobiales,Rhizobium phaseoli,1080727
NZ_CP013551.1,1,Proteobacteria,Rhizobiales,Rhizobium phaseoli,990934
NZ_CP013555.1,1,Proteobacteria,Rhizobiales,Rhizobium phaseoli,453545
NZ_CP013556.1,1,Proteobacteria,Rhizobiales,Rhizobium phaseoli,1165895
NZ_CP013561.1,1,Proteobacteria,Rhizobiales,Rhizobium phaseoli,433209
NZ_CP013562.1,1,Proteobacteria,Rhizobiales,Rhizobium phaseoli,1201422
NZ_CP013566.1,1,Proteobacteria,Rhizobiales,Rhizobium phaseoli,453258
NZ_CP013567.1,1,Proteobacteria,Rhizobiales,Rhizobium phaseoli,1165895
NZ_CP013572.1,1,Proteobacteria,Rhizobiales,Rhizobium phaseoli,459642
NZ_CP013573.1,1,Proteobacteria,Rhizobiales,Rhizobium phaseoli,1189373
NZ_CP013578.1,1,Proteobacteria,Rhizobiales,Rhizobium phaseoli,459642
NZ_CP013579.1,1,Proteobacteria,Rhizobiales,Rhizobium phaseoli,1189373
NZ_CP013584.1,1,Proteobacteria,Rhizobiales,Rhizobium phaseoli,1074794
NZ_CP013589.1,1,Proteobacteria,Rhizobiales,Rhizobium phaseoli,1048055
NZ_CP013594.1,1,Proteobacteria,Rhizobiales,Rhizobium sp. N871,752940
NZ_CP013600.1,1,Proteobacteria,Rhizobiales,Rhizobium sp. N741,752910
NZ_CP013605.1,1,Proteobacteria,Rhizobiales,Rhizobium sp. N731,488789
NZ_CP013634.1,1,Proteobacteria,Rhizobiales,Rhizobium sp. N324,504141
NZ_CP013635.1,1,Proteobacteria,Rhizobiales,Rhizobium sp. N324,667630
NZ_CP013641.1,1,Proteobacteria,Rhizobiales,Rhizobium sp. N541,504214
NZ_CP013642.1,1,Proteobacteria,Rhizobiales,Rhizobium sp. N541,661871
NZ_CP013648.1,1,Proteobacteria,Rhizobiales,Rhizobium sp. N941,505351
NZ_CP013649.1,1,Proteobacteria,Rhizobiales,Rhizobium sp. N941,661872
NZ_CP013739.1,1,Actinobacteria,Streptomycetales,Streptomyces globisporus,167754
NZ_CP013744.1,1,Actinobacteria,Streptomycetales,Streptomyces sp. CdTB01,288836
NZ_CP013832.1,1,Proteobacteria,Enterobacterales,Escherichia coli,145221
NZ_CP013917.1,1,Proteobacteria,Sphingomonadales,Sphingomonas sp. LK11,122975
NZ_CP013929.1,1,Proteobacteria,Alteromonadales,Alteromonas mediterranea,287708
NZ_CP013941.1,1,Proteobacteria,Enterobacterales,Cronobacter malonaticus,126500
NZ_CP013954.1,1,Firmicutes,Bacillales,Staphylococcus aureus,24729
NZ_CP013956.1,1,Firmicutes,Bacillales,Staphylococcus aureus,24657
NZ_CP014009.1,1,Proteobacteria,Enterobacterales,Klebsiella pneumoniae,224263
NZ_CP014011.1,1,Proteobacteria,Enterobacterales,Klebsiella pneumoniae,228907
NZ_CP014063.1,1,Firmicutes,Bacillales,Staphylococcus aureus,37980
NZ_CP014098.1,1,Proteobacteria,Enterobacterales,Shigella sonnei,8141
NZ_CP014142.1,1,Deinococcus-Thermus,Thermales,Thermus parvatiensis,143277
NZ_CP014169.1,1,Proteobacteria,Sphingomonadales,Sphingomonas panacis,319133
NZ_CP014208.1,1,Proteobacteria,Enterobacterales,Pantoea ananatis,331058
NZ_CP014238.1,1,Proteobacteria,Pseudomonadales,Moraxella osloensis,40342
NZ_CP014283.1,1,Firmicutes,Bacillales,Bacillus thuringiensis,635508
NZ_CP014284.1,1,Firmicutes,Bacillales,Bacillus thuringiensis,293705
NZ_CP014289.1,1,Firmicutes,Bacillales,Bacillus thuringiensis,46165
NZ_CP014308.1,1,Proteobacteria,Burkholderiales,Burkholderia sp. PAMC 26561,793818
NZ_CP014309.1,1,Proteobacteria,Burkholderiales,Burkholderia sp. PAMC 26561,793876
NZ_CP014310.1,1,Proteobacteria,Burkholderiales,Burkholderia sp. PAMC 26561,601076
NZ_CP014489.1,1,Proteobacteria,Enterobacterales,Escherichia coli,149732
NZ_CP014527.1,1,Proteobacteria,Rhodospirillales,Haematospirillum jordaniae,303116
NZ_CP014530.1,1,Firmicutes,Lactobacillales,Enterococcus faecium,223688
NZ_CP014532.1,1,Firmicutes,Lactobacillales,Enterococcus faecium,9310
NZ_CP014598.1,1,Proteobacteria,Rhodobacterales,Yangia sp. CCB-MM3,274486
NZ_CP014599.1,1,Proteobacteria,Rhodobacterales,Yangia sp. CCB-MM3,280527
NZ_CP014648.1,1,Proteobacteria,Enterobacterales,Klebsiella pneumoniae,40448
NZ_CP014942.1,1,Actinobacteria,Corynebacteriales,Rhodococcus sp. BH4,704258
NZ_CP014997.1,1,Proteobacteria,Enterobacterales,Salmonella enterica,81966
NZ_CP015006.1,1,Proteobacteria,Rhizobiales,Aminobacter aminovorans,534207
NZ_CP015007.1,1,Proteobacteria,Rhizobiales,Aminobacter aminovorans,451547
NZ_CP015009.1,1,Proteobacteria,Rhizobiales,Aminobacter aminovorans,138061
NZ_CP015032.1,1,Proteobacteria,Burkholderiales,Burkholderia cenocepacia,244120
NZ_CP015063.1,1,Proteobacteria,Rhizobiales,Mesorhizobium ciceri,648231
NZ_CP015090.1,1,Proteobacteria,Rhodobacterales,Pelagibaca abyssi,188936
NZ_CP015160.1,1,Proteobacteria,Enterobacterales,Escherichia coli,212180
NZ_CP015177.1,1,Firmicutes,Bacillales,Bacillus thuringiensis,267609
NZ_CP015237.1,1,Actinobacteria,Corynebacteriales,Rhodococcus fascians,164725
NZ_CP015251.1,1,Firmicutes,Bacillales,Bacillus thuringiensis,174778
NZ_CP015254.1,1,Firmicutes,Bacillales,Bacillus thuringiensis,81952
NZ_CP015274.1,1,Actinobacteria,Corynebacteriales,Mycobacterium chimaera,39889
NZ_CP015284.1,1,Firmicutes,Lactobacillales,Streptococcus salivarius,126555
NZ_CP015322.1,1,Proteobacteria,Rhizobiales,Mesorhizobium amorphae,948568
NZ_CP015351.1,1,Firmicutes,Bacillales,Bacillus thuringiensis,150791
NZ_CP015384.1,1,Proteobacteria,Enterobacterales,Klebsiella pneumoniae,15100
NZ_CP015389.1,1,Proteobacteria,Enterobacterales,Klebsiella pneumoniae,53300
NZ_CP015396.1,1,Proteobacteria,Enterobacterales,Klebsiella pneumoniae,110092
NZ_CP015419.1,1,Proteobacteria,Rhodobacterales,Rhodovulum sulfidophilum,113163
NZ_CP015422.1,1,Proteobacteria,Rhodobacterales,Rhodovulum sulfidophilum,113522
NZ_CP015439.1,1,Firmicutes,Bacillales,Anoxybacillus amylolyticus,258230
NZ_CP015440.1,1,Firmicutes,Bacillales,Anoxybacillus amylolyticus,65295
NZ_CP015530.1,1,Actinobacteria,Corynebacteriales,Rhodococcus sp. WB1,224533
NZ_CP015591.1,1,Firmicutes,Bacillales,Bacillus cereus,40712
NZ_CP015729.1,1,Firmicutes,Bacillales,Bacillus cereus,11778
NZ_CP015737.1,1,Proteobacteria,Rhizobiales,Shinella sp. HZN7,620539
NZ_CP015741.1,1,Proteobacteria,Rhizobiales,Shinella sp. HZN7,155026
NZ_CP015745.1,1,Proteobacteria,Rhizobiales,Shinella sp. HZN7,127666
NZ_CP015746.1,1,Proteobacteria,Rhizobiales,Shinella sp. HZN7,112708
NZ_CP015748.1,1,Proteobacteria,Rhizobiales,Shinella sp. HZN7,71917
NZ_CP015754.1,1,Proteobacteria,Enterobacterales,Klebsiella pneumoniae,165275
NZ_CP015818.1,1,Firmicutes,Bacillales,Staphylococcus aureus,35415
NZ_CP015867.1,1,Actinobacteria,Streptomycetales,Streptomyces parvulus,617085
NZ_CP015885.1,1,Firmicutes,Lactobacillales,Enterococcus faecalis,55548
NZ_CP015940.1,1,Proteobacteria,Legionellales,Legionella pneumophila,58092
NZ_CP015989.1,1,Proteobacteria,Sphingomonadales,Sphingobium sp. EP60837,192095
NZ_CP016031.1,1,Proteobacteria,Legionellales,Legionella pneumophila,129884
NZ_CP016160.1,1,Proteobacteria,Enterobacterales,Klebsiella pneumoniae,165276
NZ_CP016164.1,1,Firmicutes,Lactobacillales,Enterococcus faecium,202822
NZ_CP016313.1,1,Deinococcus-Thermus,Thermales,Thermus brockianus,342792
NZ_CP016354.1,1,Actinobacteria,Pseudonocardiales,Prauserella marina,134495
NZ_CP016365.1,1,Proteobacteria,Rhodobacterales,Phaeobacter porticola,218458
NZ_CP016368.1,1,Proteobacteria,Rhodobacterales,Phaeobacter porticola,70805
NZ_CP016407.1,1,Proteobacteria,Enterobacterales,Salmonella enterica,323122
NZ_CP016409.1,1,Proteobacteria,Enterobacterales,Salmonella enterica,322518
NZ_CP016411.1,1,Proteobacteria,Enterobacterales,Salmonella enterica,316814
NZ_CP016413.1,1,Proteobacteria,Enterobacterales,Salmonella enterica,316160
NZ_CP016458.1,1,Proteobacteria,Sphingomonadales,Blastomonas sp. RAC04,152317
NZ_CP016482.1,1,Cyanobacteria,Synechococcales,Synechococcus sp. PCC 7117,264782
NZ_CP016500.1,1,Proteobacteria,Rhizobiales,Agrobacterium sp. RAC06,323507
NZ_CP016630.1,1,Firmicutes,Lactobacillales,Lactobacillus johnsonii,44763
NZ_CP016685.1,1,Firmicutes,Lactobacillales,Lactococcus lactis,75119
NZ_CP016715.1,1,Firmicutes,Lactobacillales,Lactococcus lactis,75962
NZ_CP016726.1,1,Firmicutes,Lactobacillales,Lactococcus lactis,89015
NZ_CP016736.1,1,Firmicutes,Lactobacillales,Lactococcus lactis,23429
NZ_CP016815.1,1,Proteobacteria,Enterobacterales,Klebsiella pneumoniae,212770
NZ_CP016821.1,1,Actinobacteria,Corynebacteriales,Rhodococcus sp. p52,170002
NZ_CP016869.1,1,Proteobacteria,Legionellales,Legionella pneumophila,68145
NZ_CP016871.1,1,Proteobacteria,Legionellales,Legionella pneumophila,68145
NZ_CP016875.1,1,Proteobacteria,Legionellales,Legionella pneumophila,68146
NZ_CP016891.1,1,Proteobacteria,Enterobacterales,Pantoea agglomerans,216117
NZ_CP016898.1,1,Proteobacteria,Pseudomonadales,Acinetobacter soli,78649
NZ_CP017017.1,1,Firmicutes,Bacillales,Bacillus sp. ABP14,11199
NZ_CP017041.1,1,Actinobacteria,Propionibacteriales,Propionibacterium sp. oral taxon 193,77702
NZ_CP017078.1,1,Proteobacteria,Sphingomonadales,Novosphingobium resinovorum,354886
NZ_CP017103.1,1,Proteobacteria,Rhizobiales,Rhizobium gallicum,176006
NZ_CP017108.1,1,Firmicutes,Lactobacillales,Lactobacillus salivarius,279615
NZ_CP017303.1,1,Actinobacteria,Corynebacteriales,Rhodococcus sp. YL-1,393079
NZ_CP017304.1,1,Actinobacteria,Corynebacteriales,Rhodococcus sp. YL-1,339489
NZ_CP017356.1,1,Firmicutes,Lactobacillales,Lactobacillus plantarum,47816
NZ_CP017365.1,1,Firmicutes,Lactobacillales,Lactobacillus plantarum,64302
NZ_CP017366.1,1,Firmicutes,Lactobacillales,Lactobacillus plantarum,47816
NZ_CP017367.1,1,Firmicutes,Lactobacillales,Lactobacillus plantarum,31304
NZ_CP017377.1,1,Firmicutes,Lactobacillales,Lactobacillus plantarum,14369
NZ_CP017381.1,1,Firmicutes,Lactobacillales,Lactobacillus plantarum,41908
NZ_CP017573.1,1,Firmicutes,Bacillales,Bacillus thuringiensis,61350
NZ_CP017591.1,1,Proteobacteria,Enterobacterales,Pantoea stewartii,304641
NZ_CP017753.1,1,Proteobacteria,Burkholderiales,Cupriavidus sp. USMAHM13,278189
NZ_CP017759.1,1,Proteobacteria,Burkholderiales,Cupriavidus necator,426602
NZ_CP018073.1,1,Firmicutes,Lactobacillales,Enterococcus faecium,170854
NZ_CP018077.1,1,Proteobacteria,Rhodobacterales,Sulfitobacter sp. AM1-D1,185176
NZ_CP018081.1,1,Proteobacteria,Rhodobacterales,Sulfitobacter sp. AM1-D1,348874
NZ_CP018096.1,1,Proteobacteria,Rhizobiales,Chelatococcus daeguensis,534877
NZ_CP018225.1,1,Proteobacteria,Sphingomonadales,Sphingomonas sp. JJ-A5,182640
NZ_CP018231.1,1,Proteobacteria,Rhizobiales,Rhizobium leguminosarum,339300
NZ_CP018234.1,1,Proteobacteria,Rhizobiales,Rhizobium leguminosarum,236058
NZ_CP018338.1,1,Proteobacteria,Enterobacterales,Klebsiella pneumoniae,202175
NZ_CP018425.1,1,Proteobacteria,Enterobacterales,Klebsiella pneumoniae,15270
NZ_CP018431.1,1,Proteobacteria,Enterobacterales,Klebsiella pneumoniae,18890
NZ_CP018433.1,1,Proteobacteria,Enterobacterales,Klebsiella pneumoniae,15273
NZ_CP018445.1,1,Proteobacteria,Enterobacterales,Klebsiella pneumoniae,9294
NZ_CP018742.1,1,Firmicutes,Bacillales,Bacillus cereus,213830
NZ_CP018775.2,1,Proteobacteria,Enterobacterales,Escherichia coli,174847
NZ_CP018827.1,1,Firmicutes,Lactobacillales,Enterococcus faecium,259837
NZ_CP018829.1,1,Firmicutes,Lactobacillales,Enterococcus faecium,13141
NZ_CP018832.1,1,Firmicutes,Lactobacillales,Enterococcus faecium,259837
NZ_CP018834.1,1,Firmicutes,Lactobacillales,Enterococcus faecium,13141
NZ_CP018875.1,1,Firmicutes,Bacillales,Bacillus megaterium,167030
NZ_CP018986.1,1,Proteobacteria,Enterobacterales,Escherichia coli,6075
NZ_CP018994.1,1,Proteobacteria,Enterobacterales,Escherichia coli,154853
NZ_CP019001.1,1,Proteobacteria,Enterobacterales,Escherichia coli,272202
NZ_CP019010.1,1,Proteobacteria,Enterobacterales,Escherichia coli,55746
NZ_CP019018.1,1,Proteobacteria,Enterobacterales,Escherichia coli,158911
NZ_CP019037.1,1,Proteobacteria,Burkholderiales,Massilia putida,457181
NZ_CP019049.1,1,Proteobacteria,Enterobacterales,Klebsiella pneumoniae,228613
NZ_CP019083.1,1,Planctomycetes,Planctomycetales,Paludisphaera borealis,111833
NZ_CP019223.1,1,Actinobacteria,Corynebacteriales,Mycobacterium chimaera,39887
NZ_CP019231.1,1,Firmicutes,Bacillales,Bacillus thuringiensis,30343
NZ_CP019232.1,1,Firmicutes,Bacillales,Bacillus thuringiensis,36974
NZ_CP019286.1,1,Euryarchaeota,Natrialbales,Halobiforma lacisalsi,216196
NZ_CP019308.1,1,Proteobacteria,Rhodobacterales,Phaeobacter inhibens,241798
NZ_CP019310.1,1,Proteobacteria,Rhodobacterales,Phaeobacter inhibens,78194
NZ_CP019311.1,1,Proteobacteria,Rhodobacterales,Phaeobacter inhibens,68760
NZ_CP019315.1,1,Proteobacteria,Rhodobacterales,Tateyamaria omphalii,77607
NZ_CP019316.1,1,Proteobacteria,Rhodobacterales,Tateyamaria omphalii,60538
NZ_CP019459.1,1,Actinobacteria,Streptomycetales,Streptomyces autolyticus,46799
NZ_CP019461.1,1,Actinobacteria,Streptomycetales,Streptomyces autolyticus,15583
NZ_CP019462.1,1,Actinobacteria,Streptomycetales,Streptomyces autolyticus,15584
NZ_CP019463.1,1,Actinobacteria,Streptomycetales,Streptomyces autolyticus,15586
NZ_CP019464.1,1,Actinobacteria,Streptomycetales,Streptomyces autolyticus,15601
NZ_CP019564.1,1,Firmicutes,Bacillales,Staphylococcus aureus,20658
NZ_CP019631.1,1,Proteobacteria,Rhodobacterales,Labrenzia aggregata,407152
NZ_CP019729.1,1,Firmicutes,Lactobacillales,Jeotgalibaca dankookensis,20440
NZ_CP019912.1,1,Proteobacteria,Burkholderiales,blood disease bacterium A2-HR MARDI,1486041
NZ_CP020021.1,1,Firmicutes,Bacillales,Staphylococcus aureus,27617
NZ_CP020031.1,1,Firmicutes,Bacillales,Geobacillus thermodenitrificans,58808
NZ_CP020041.1,1,Actinobacteria,Streptomycetales,Streptomyces sp. 3211,240209
NZ_CP020043.1,1,Actinobacteria,Streptomycetales,Streptomyces katrae,348805
NZ_CP020044.1,1,Actinobacteria,Streptomycetales,Streptomyces katrae,202794
NZ_CP020066.1,1,Proteobacteria,Enterobacterales,Klebsiella pneumoniae,72663
NZ_CP020075.1,1,Proteobacteria,Enterobacterales,Klebsiella pneumoniae,22062
NZ_CP020331.1,1,Proteobacteria,Rhizobiales,Martelella mediterranea,593079
NZ_CP020385.1,1,Proteobacteria,Rhodobacterales,Rhodovulum sp. MB263,238713
NZ_CP020460.1,1,Firmicutes,Lactobacillales,Lactobacillus sakei,84581
NZ_CP020540.1,1,Proteobacteria,Sphingomonadales,Sphingobium herbicidovorans,312167
NZ_CP020613.1,1,Proteobacteria,Rhodobacterales,Paracoccus contaminans,93982
NZ_CP020745.1,1,Firmicutes,Bacillales,Bacillus mycoides,114265
NZ_CP020859.1,1,Firmicutes,Lactobacillales,Lactobacillus salivarius,264403
NZ_CP020898.1,1,Proteobacteria,Rhizobiales,Rhizobium phaseoli,392817
NZ_CP020900.1,1,Proteobacteria,Rhizobiales,Rhizobium phaseoli,1144005
NZ_CP020909.1,1,Proteobacteria,Rhizobiales,Rhizobium etli,505136
NZ_CP020911.1,1,Proteobacteria,Rhizobiales,Rhizobium etli,978479
NZ_CP020934.1,1,Proteobacteria,Enterobacterales,Escherichia coli,151137
NZ_CP020949.1,1,Proteobacteria,Rhizobiales,Rhizobium sp. CIAT894,273667
NZ_CP020952.1,1,Proteobacteria,Rhizobiales,Rhizobium sp. CIAT894,718394
NZ_CP021032.1,1,Proteobacteria,Rhizobiales,Rhizobium sp. NXC14,773015
NZ_CP021033.1,1,Proteobacteria,Rhizobiales,Rhizobium sp. NXC14,889015
NZ_CP021063.1,1,Firmicutes,Bacillales,Bacillus thuringiensis,113294
NZ_CP021071.1,1,Proteobacteria,Rhizobiales,Mesorhizobium sp. WSM1497,531629
NZ_CP021127.1,1,Proteobacteria,Rhizobiales,Rhizobium sp. Kim5,655866
NZ_CP021212.1,1,Proteobacteria,Enterobacterales,Escherichia coli,90229
NZ_CP021214.1,1,Proteobacteria,Rhizobiales,Sinorhizobium meliloti,86642
NZ_CP021216.1,1,Proteobacteria,Rhizobiales,Sinorhizobium meliloti,166875
NZ_CP021253.1,1,Actinobacteria,Corynebacteriales,Corynebacterium striatum,25501
NZ_CP021548.1,1,Proteobacteria,Enterobacterales,Klebsiella pneumoniae,22633
NZ_CP021756.1,1,Proteobacteria,Enterobacterales,Klebsiella pneumoniae,22632
NZ_CP021779.1,1,Proteobacteria,Enterobacterales,Enterobacter cloacae,15028
NZ_CP021798.1,1,Proteobacteria,Rhizobiales,Sinorhizobium meliloti,1363628
NZ_CP021801.1,1,Proteobacteria,Rhizobiales,Sinorhizobium meliloti,1412628
NZ_CP021807.1,1,Proteobacteria,Rhizobiales,Sinorhizobium meliloti,158363
NZ_CP021809.1,1,Proteobacteria,Rhizobiales,Sinorhizobium meliloti,1549593
NZ_CP021811.1,1,Proteobacteria,Rhizobiales,Sinorhizobium meliloti,247065
NZ_CP021819.1,1,Proteobacteria,Rhizobiales,Sinorhizobium meliloti,892745
NZ_CP021824.1,1,Proteobacteria,Rhizobiales,Sinorhizobium meliloti,1597380
NZ_CP021827.1,1,Proteobacteria,Rhizobiales,Sinorhizobium meliloti,1279723
NZ_CP021831.1,1,Proteobacteria,Rhizobiales,Sinorhizobium meliloti,1628141
NZ_CP021837.1,1,Proteobacteria,Enterobacterales,Klebsiella pneumoniae,15271
NZ_CP021860.1,1,Proteobacteria,Enterobacterales,Klebsiella pneumoniae,24749
NZ_CP021880.1,1,Proteobacteria,Enterobacterales,Escherichia coli,169449
NZ_CP021906.1,1,Firmicutes,Bacillales,Staphylococcus aureus,27490
NZ_CP021908.1,1,Firmicutes,Bacillales,Staphylococcus aureus,27490
NZ_CP021938.1,1,Proteobacteria,Enterobacterales,Escherichia coli,75318
NZ_CP021998.2,1,Firmicutes,Lactobacillales,Lactobacillus plantarum,13713
NZ_CP022118.1,1,Proteobacteria,Enterobacterales,Salmonella enterica,416444
NZ_CP022140.1,1,Proteobacteria,Enterobacterales,Salmonella enterica,109681
NZ_CP022166.1,1,Proteobacteria,Enterobacterales,Escherichia coli,173624
NZ_CP022224.1,1,Actinobacteria,Corynebacteriales,Mycobacterium chimaera,33560
NZ_CP022308.1,1,Proteobacteria,Oceanospirillales,Alcanivorax sp. N3-7A,427202
NZ_CP022346.1,1,Firmicutes,Bacillales,Bacillus thuringiensis,326530
NZ_CP022370.1,1,Proteobacteria,Rhizobiales,Bosea sp. AS-1,189990
NZ_CP022371.1,1,Proteobacteria,Rhizobiales,Bosea sp. AS-1,112144
NZ_CP022419.1,1,Proteobacteria,Rhodobacterales,Sulfitobacter pseudonitzschiae,209222
NZ_CP022429.1,1,Proteobacteria,Enterobacterales,Pantoea ananatis,328324
NZ_CP022542.1,1,Proteobacteria,Rhodobacterales,Antarctobacter heliothermus,154467
NZ_CP022565.1,1,Proteobacteria,Rhizobiales,Rhizobium leguminosarum,976232
NZ_CP022566.1,1,Proteobacteria,Rhizobiales,Rhizobium leguminosarum,549819
NZ_CP022667.1,1,Proteobacteria,Rhizobiales,Rhizobium leguminosarum,605219
NZ_CP022984.1,1,Firmicutes,Bacillales,Bacillus kochii,137143
NZ_CP022991.1,1,Proteobacteria,Burkholderiales,Paraburkholderia sp. BN5,664981
NZ_CP023145.1,1,Proteobacteria,Enterobacterales,Escherichia coli,87173
NZ_CP023152.1,1,Actinobacteria,Corynebacteriales,Mycobacterium chimaera,247522
NZ_FO818638.1,1,Proteobacteria,Enterobacterales,Xenorhabdus bovienii,177250
NZ_FO834905.1,1,Proteobacteria,Enterobacterales,Klebsiella pneumoniae,121703
NZ_HG916853.1,1,Proteobacteria,Rhizobiales,Rhizobium favelukesii,151687
NZ_HG938354.1,1,Proteobacteria,Rhizobiales,Neorhizobium galegae,1807065
NZ_HG938356.1,1,Proteobacteria,Rhizobiales,Neorhizobium galegae,1638739
NZ_HG938357.1,1,Proteobacteria,Rhizobiales,Neorhizobium galegae,175279
NZ_KP100338.1,1,Proteobacteria,Vibrionales,Photobacterium damselae,68686
NZ_LK021128.1,1,Proteobacteria,Vibrionales,Vibrio anguillarum,66798
NZ_LN609303.1,1,Proteobacteria,Rhodospirillales,Acetobacter ghanensis,161207
NZ_LN614828.1,1,Proteobacteria,Legionellales,Legionella fallonii,238761
NZ_LN681226.1,1,Proteobacteria,Legionellales,Legionella hackeliae,129882
NZ_LN831788.1,1,Actinobacteria,Streptomycetales,Streptomyces leeuwenhoekii,86370
NZ_LN831789.1,1,Actinobacteria,Streptomycetales,Streptomyces leeuwenhoekii,132226
NZ_LN890519.1,1,Proteobacteria,Enterobacterales,Salmonella enterica,98756
NZ_LN890521.1,1,Proteobacteria,Enterobacterales,Salmonella enterica,98776
NZ_LT009691.1,1,Firmicutes,Bacillales,Staphylococcus aureus,25689
NZ_LT598658.1,1,Proteobacteria,Legionellales,Legionella pneumophila,129881
NZ_LT598664.1,1,Firmicutes,Lactobacillales,Enterococcus faecium,197153
NZ_LT599050.1,1,Firmicutes,Lactobacillales,Lactococcus lactis,5736
NZ_LT599051.1,1,Firmicutes,Lactobacillales,Lactococcus lactis,9105
NZ_LT599053.1,1,Firmicutes,Lactobacillales,Lactococcus lactis,69485
NZ_LT604075.1,1,Firmicutes,Lactobacillales,Lactobacillus salivarius,244638
NZ_LT703509.1,1,Actinobacteria,Corynebacteriales,Mycobacterium chimaera,39887
NZ_LT838199.1,1,Proteobacteria,Enterobacterales,Escherichia coli,83831